Workbook

Sheet resumen_viscosidad_densidad
A1: system | B1: aroma_id | C1: aroma_name | D1: solvent_id | E1: solvent_name | F1: temperature_c | G1: molefrac_aroma | H1: density_g_cm3 | I1: v_excess_cm3 | J1: viscosity_mPas | K1: data_complete
A2: beta+2m3b2oh | B2: beta | C2: betaionone (trans) | D2: 2m3b2oh | E2: 2-methyl-3-buten-2-ol | F2: =IFERROR('dens_visc_beta+2m3b2oh'!B22,"") -> 20 | G2: =IFERROR('dens_visc_beta+2m3b2oh'!A23,"") -> 0 | H2: =IFERROR('dens_visc_beta+2m3b2oh'!B23,"") -> 0.82388 | I2: =IFERROR('dens_visc_beta+2m3b2oh'!G23,"") -> 0 | J2: =IFERROR('dens_visc_beta+2m3b2oh'!B37,"") -> 2.353 | K2: =IF(AND(ISNUMBER(H2),ISNUMBER(I2),ISNUMBER(J2)),"✓",COUNTIF(H2:J2,">-999")&"/3") -> ✓
A3: beta+2m3b2oh | B3: beta | C3: betaionone (trans) | D3: 2m3b2oh | E3: 2-methyl-3-buten-2-ol | F3: =IFERROR('dens_visc_beta+2m3b2oh'!B22,"") -> 20 | G3: =IFERROR('dens_visc_beta+2m3b2oh'!A24,"") -> 0.099609445 | H3: =IFERROR('dens_visc_beta+2m3b2oh'!B24,"") -> 0.84735 | I3: =IFERROR('dens_visc_beta+2m3b2oh'!G24,"") -> -0.27169592 | J3: =IFERROR('dens_visc_beta+2m3b2oh'!B38,"") -> 2.826 | K3: =IF(AND(ISNUMBER(H3),ISNUMBER(I3),ISNUMBER(J3)),"✓",COUNTIF(H3:J3,">-999")&"/3") -> ✓
A4: beta+2m3b2oh | B4: beta | C4: betaionone (trans) | D4: 2m3b2oh | E4: 2-methyl-3-buten-2-ol | F4: =IFERROR('dens_visc_beta+2m3b2oh'!B22,"") -> 20 | G4: =IFERROR('dens_visc_beta+2m3b2oh'!A25,"") -> 0.19728379 | H4: =IFERROR('dens_visc_beta+2m3b2oh'!B25,"") -> 0.86523 | I4: =IFERROR('dens_visc_beta+2m3b2oh'!G25,"") -> -0.31009368 | J4: =IFERROR('dens_visc_beta+2m3b2oh'!B39,"") -> 3.278 | K4: =IF(AND(ISNUMBER(H4),ISNUMBER(I4),ISNUMBER(J4)),"✓",COUNTIF(H4:J4,">-999")&"/3") -> ✓
A5: beta+2m3b2oh | B5: beta | C5: betaionone (trans) | D5: 2m3b2oh | E5: 2-methyl-3-buten-2-ol | F5: =IFERROR('dens_visc_beta+2m3b2oh'!B22,"") -> 20 | G5: =IFERROR('dens_visc_beta+2m3b2oh'!A26,"") -> 0.29604169 | H5: =IFERROR('dens_visc_beta+2m3b2oh'!B26,"") -> 0.88031 | I5: =IFERROR('dens_visc_beta+2m3b2oh'!G26,"") -> -0.29185239 | J5: =IFERROR('dens_visc_beta+2m3b2oh'!B40,"") -> 3.764 | K5: =IF(AND(ISNUMBER(H5),ISNUMBER(I5),ISNUMBER(J5)),"✓",COUNTIF(H5:J5,">-999")&"/3") -> ✓
A6: beta+2m3b2oh | B6: beta | C6: betaionone (trans) | D6: 2m3b2oh | E6: 2-methyl-3-buten-2-ol | F6: =IFERROR('dens_visc_beta+2m3b2oh'!B22,"") -> 20 | G6: =IFERROR('dens_visc_beta+2m3b2oh'!A27,"") -> 0.39641924 | H6: =IFERROR('dens_visc_beta+2m3b2oh'!B27,"") -> 0.89316 | I6: =IFERROR('dens_visc_beta+2m3b2oh'!G27,"") -> -0.2140936 | J6: =IFERROR('dens_visc_beta+2m3b2oh'!B41,"") -> 4.321 | K6: =IF(AND(ISNUMBER(H6),ISNUMBER(I6),ISNUMBER(J6)),"✓",COUNTIF(H6:J6,">-999")&"/3") -> ✓
A7: beta+2m3b2oh | B7: beta | C7: betaionone (trans) | D7: 2m3b2oh | E7: 2-methyl-3-buten-2-ol | F7: =IFERROR('dens_visc_beta+2m3b2oh'!B22,"") -> 20 | G7: =IFERROR('dens_visc_beta+2m3b2oh'!A28,"") -> 0.49244461 | H7: =IFERROR('dens_visc_beta+2m3b2oh'!B28,"") -> 0.90411 | I7: =IFERROR('dens_visc_beta+2m3b2oh'!G28,"") -> -0.17858269 | J7: =IFERROR('dens_visc_beta+2m3b2oh'!B42,"") -> 4.948 | K7: =IF(AND(ISNUMBER(H7),ISNUMBER(I7),ISNUMBER(J7)),"✓",COUNTIF(H7:J7,">-999")&"/3") -> ✓
A8: beta+2m3b2oh | B8: beta | C8: betaionone (trans) | D8: 2m3b2oh | E8: 2-methyl-3-buten-2-ol | F8: =IFERROR('dens_visc_beta+2m3b2oh'!B22,"") -> 20 | G8: =IFERROR('dens_visc_beta+2m3b2oh'!A29,"") -> 0.59529209 | H8: =IFERROR('dens_visc_beta+2m3b2oh'!B29,"") -> 0.91437 | I8: =IFERROR('dens_visc_beta+2m3b2oh'!G29,"") -> -0.13172741 | J8: =IFERROR('dens_visc_beta+2m3b2oh'!B43,"") -> 5.757 | K8: =IF(AND(ISNUMBER(H8),ISNUMBER(I8),ISNUMBER(J8)),"✓",COUNTIF(H8:J8,">-999")&"/3") -> ✓
A9: beta+2m3b2oh | B9: beta | C9: betaionone (trans) | D9: 2m3b2oh | E9: 2-methyl-3-buten-2-ol | F9: =IFERROR('dens_visc_beta+2m3b2oh'!B22,"") -> 20 | G9: =IFERROR('dens_visc_beta+2m3b2oh'!A30,"") -> 0.6940457 | H9: =IFERROR('dens_visc_beta+2m3b2oh'!B30,"") -> 0.92296 | I9: =IFERROR('dens_visc_beta+2m3b2oh'!G30,"") -> -0.063997305 | J9: =IFERROR('dens_visc_beta+2m3b2oh'!B44,"") -> 6.687 | K9: =IF(AND(ISNUMBER(H9),ISNUMBER(I9),ISNUMBER(J9)),"✓",COUNTIF(H9:J9,">-999")&"/3") -> ✓
A10: beta+2m3b2oh | B10: beta | C10: betaionone (trans) | D10: 2m3b2oh | E10: 2-methyl-3-buten-2-ol | F10: =IFERROR('dens_visc_beta+2m3b2oh'!B22,"") -> 20 | G10: =IFERROR('dens_visc_beta+2m3b2oh'!A31,"") -> 0.79734561 | H10: =IFERROR('dens_visc_beta+2m3b2oh'!B31,"") -> 0.93115 | I10: =IFERROR('dens_visc_beta+2m3b2oh'!G31,"") -> -0.030710249 | J10: =IFERROR('dens_visc_beta+2m3b2oh'!B45,"") -> 7.915 | K10: =IF(AND(ISNUMBER(H10),ISNUMBER(I10),ISNUMBER(J10)),"✓",COUNTIF(H10:J10,">-999")&"/3") -> ✓
A11: beta+2m3b2oh | B11: beta | C11: betaionone (trans) | D11: 2m3b2oh | E11: 2-methyl-3-buten-2-ol | F11: =IFERROR('dens_visc_beta+2m3b2oh'!B22,"") -> 20 | G11: =IFERROR('dens_visc_beta+2m3b2oh'!A32,"") -> 0.89719236 | H11: =IFERROR('dens_visc_beta+2m3b2oh'!B32,"") -> 0.93847 | I11: =IFERROR('dens_visc_beta+2m3b2oh'!G32,"") -> -0.045834283 | J11: =IFERROR('dens_visc_beta+2m3b2oh'!B46,"") -> 9.388 | K11: =IF(AND(ISNUMBER(H11),ISNUMBER(I11),ISNUMBER(J11)),"✓",COUNTIF(H11:J11,">-999")&"/3") -> ✓
A12: beta+2m3b2oh | B12: beta | C12: betaionone (trans) | D12: 2m3b2oh | E12: 2-methyl-3-buten-2-ol | F12: =IFERROR('dens_visc_beta+2m3b2oh'!B22,"") -> 20 | G12: =IFERROR('dens_visc_beta+2m3b2oh'!A33,"") -> 1 | H12: =IFERROR('dens_visc_beta+2m3b2oh'!B33,"") -> 0.94498 | I12: =IFERROR('dens_visc_beta+2m3b2oh'!G33,"") -> 0 | J12: =IFERROR('dens_visc_beta+2m3b2oh'!B47,"") -> 11.31 | K12: =IF(AND(ISNUMBER(H12),ISNUMBER(I12),ISNUMBER(J12)),"✓",COUNTIF(H12:J12,">-999")&"/3") -> ✓
A13: beta+2m3b2oh | B13: beta | C13: betaionone (trans) | D13: 2m3b2oh | E13: 2-methyl-3-buten-2-ol | F13: =IFERROR('dens_visc_beta+2m3b2oh'!C22,"") -> 30 | G13: =IFERROR('dens_visc_beta+2m3b2oh'!A23,"") -> 0 | H13: =IFERROR('dens_visc_beta+2m3b2oh'!C23,"") -> 0.81447 | I13: =IFERROR('dens_visc_beta+2m3b2oh'!H23,"") -> 0 | J13: =IFERROR('dens_visc_beta+2m3b2oh'!C37,"") -> 1.682 | K13: =IF(AND(ISNUMBER(H13),ISNUMBER(I13),ISNUMBER(J13)),"✓",COUNTIF(H13:J13,">-999")&"/3") -> ✓
A14: beta+2m3b2oh | B14: beta | C14: betaionone (trans) | D14: 2m3b2oh | E14: 2-methyl-3-buten-2-ol | F14: =IFERROR('dens_visc_beta+2m3b2oh'!C22,"") -> 30 | G14: =IFERROR('dens_visc_beta+2m3b2oh'!A24,"") -> 0.099609445 | H14: =IFERROR('dens_visc_beta+2m3b2oh'!C24,"") -> 0.83789 | I14: =IFERROR('dens_visc_beta+2m3b2oh'!H24,"") -> -0.23764907 | J14: =IFERROR('dens_visc_beta+2m3b2oh'!C38,"") -> 2.021 | K14: =IF(AND(ISNUMBER(H14),ISNUMBER(I14),ISNUMBER(J14)),"✓",COUNTIF(H14:J14,">-999")&"/3") -> ✓
A15: beta+2m3b2oh | B15: beta | C15: betaionone (trans) | D15: 2m3b2oh | E15: 2-methyl-3-buten-2-ol | F15: =IFERROR('dens_visc_beta+2m3b2oh'!C22,"") -> 30 | G15: =IFERROR('dens_visc_beta+2m3b2oh'!A25,"") -> 0.19728379 | H15: =IFERROR('dens_visc_beta+2m3b2oh'!C25,"") -> 0.85629 | I15: =IFERROR('dens_visc_beta+2m3b2oh'!H25,"") -> -0.31827546 | J15: =IFERROR('dens_visc_beta+2m3b2oh'!C39,"") -> 2.35 | K15: =IF(AND(ISNUMBER(H15),ISNUMBER(I15),ISNUMBER(J15)),"✓",COUNTIF(H15:J15,">-999")&"/3") -> ✓
A16: beta+2m3b2oh | B16: beta | C16: betaionone (trans) | D16: 2m3b2oh | E16: 2-methyl-3-buten-2-ol | F16: =IFERROR('dens_visc_beta+2m3b2oh'!C22,"") -> 30 | G16: =IFERROR('dens_visc_beta+2m3b2oh'!A26,"") -> 0.29604169 | H16: =IFERROR('dens_visc_beta+2m3b2oh'!C26,"") -> 0.87163 | I16: =IFERROR('dens_visc_beta+2m3b2oh'!H26,"") -> -0.30843872 | J16: =IFERROR('dens_visc_beta+2m3b2oh'!C40,"") -> 2.698 | K16: =IF(AND(ISNUMBER(H16),ISNUMBER(I16),ISNUMBER(J16)),"✓",COUNTIF(H16:J16,">-999")&"/3") -> ✓
A17: beta+2m3b2oh | B17: beta | C17: betaionone (trans) | D17: 2m3b2oh | E17: 2-methyl-3-buten-2-ol | F17: =IFERROR('dens_visc_beta+2m3b2oh'!C22,"") -> 30 | G17: =IFERROR('dens_visc_beta+2m3b2oh'!A27,"") -> 0.39641924 | H17: =IFERROR('dens_visc_beta+2m3b2oh'!C27,"") -> 0.8848 | I17: =IFERROR('dens_visc_beta+2m3b2oh'!H27,"") -> -0.25119815 | J17: =IFERROR('dens_visc_beta+2m3b2oh'!C41,"") -> 3.087 | K17: =IF(AND(ISNUMBER(H17),ISNUMBER(I17),ISNUMBER(J17)),"✓",COUNTIF(H17:J17,">-999")&"/3") -> ✓
A18: beta+2m3b2oh | B18: beta | C18: betaionone (trans) | D18: 2m3b2oh | E18: 2-methyl-3-buten-2-ol | F18: =IFERROR('dens_visc_beta+2m3b2oh'!C22,"") -> 30 | G18: =IFERROR('dens_visc_beta+2m3b2oh'!A28,"") -> 0.49244461 | H18: =IFERROR('dens_visc_beta+2m3b2oh'!C28,"") -> 0.89579 | I18: =IFERROR('dens_visc_beta+2m3b2oh'!H28,"") -> -0.19512472 | J18: =IFERROR('dens_visc_beta+2m3b2oh'!C42,"") -> 3.51 | K18: =IF(AND(ISNUMBER(H18),ISNUMBER(I18),ISNUMBER(J18)),"✓",COUNTIF(H18:J18,">-999")&"/3") -> ✓
A19: beta+2m3b2oh | B19: beta | C19: betaionone (trans) | D19: 2m3b2oh | E19: 2-methyl-3-buten-2-ol | F19: =IFERROR('dens_visc_beta+2m3b2oh'!C22,"") -> 30 | G19: =IFERROR('dens_visc_beta+2m3b2oh'!A29,"") -> 0.59529209 | H19: =IFERROR('dens_visc_beta+2m3b2oh'!C29,"") -> 0.90623 | I19: =IFERROR('dens_visc_beta+2m3b2oh'!H29,"") -> -0.15138912 | J19: =IFERROR('dens_visc_beta+2m3b2oh'!C43,"") -> 4.038 | K19: =IF(AND(ISNUMBER(H19),ISNUMBER(I19),ISNUMBER(J19)),"✓",COUNTIF(H19:J19,">-999")&"/3") -> ✓
A20: beta+2m3b2oh | B20: beta | C20: betaionone (trans) | D20: 2m3b2oh | E20: 2-methyl-3-buten-2-ol | F20: =IFERROR('dens_visc_beta+2m3b2oh'!C22,"") -> 30 | G20: =IFERROR('dens_visc_beta+2m3b2oh'!A30,"") -> 0.6940457 | H20: =IFERROR('dens_visc_beta+2m3b2oh'!C30,"") -> 0.91494 | I20: =IFERROR('dens_visc_beta+2m3b2oh'!H30,"") -> -0.079040884 | J20: =IFERROR('dens_visc_beta+2m3b2oh'!C44,"") -> 4.636 | K20: =IF(AND(ISNUMBER(H20),ISNUMBER(I20),ISNUMBER(J20)),"✓",COUNTIF(H20:J20,">-999")&"/3") -> ✓
A21: beta+2m3b2oh | B21: beta | C21: betaionone (trans) | D21: 2m3b2oh | E21: 2-methyl-3-buten-2-ol | F21: =IFERROR('dens_visc_beta+2m3b2oh'!C22,"") -> 30 | G21: =IFERROR('dens_visc_beta+2m3b2oh'!A31,"") -> 0.79734561 | H21: =IFERROR('dens_visc_beta+2m3b2oh'!C31,"") -> 0.92328 | I21: =IFERROR('dens_visc_beta+2m3b2oh'!H31,"") -> -0.048558676 | J21: =IFERROR('dens_visc_beta+2m3b2oh'!C45,"") -> 5.372 | K21: =IF(AND(ISNUMBER(H21),ISNUMBER(I21),ISNUMBER(J21)),"✓",COUNTIF(H21:J21,">-999")&"/3") -> ✓
A22: beta+2m3b2oh | B22: beta | C22: betaionone (trans) | D22: 2m3b2oh | E22: 2-methyl-3-buten-2-ol | F22: =IFERROR('dens_visc_beta+2m3b2oh'!C22,"") -> 30 | G22: =IFERROR('dens_visc_beta+2m3b2oh'!A32,"") -> 0.89719236 | H22: =IFERROR('dens_visc_beta+2m3b2oh'!C32,"") -> 0.93065 | I22: =IFERROR('dens_visc_beta+2m3b2oh'!H32,"") -> -0.04978414 | J22: =IFERROR('dens_visc_beta+2m3b2oh'!C46,"") -> 6.239 | K22: =IF(AND(ISNUMBER(H22),ISNUMBER(I22),ISNUMBER(J22)),"✓",COUNTIF(H22:J22,">-999")&"/3") -> ✓
A23: beta+2m3b2oh | B23: beta | C23: betaionone (trans) | D23: 2m3b2oh | E23: 2-methyl-3-buten-2-ol | F23: =IFERROR('dens_visc_beta+2m3b2oh'!C22,"") -> 30 | G23: =IFERROR('dens_visc_beta+2m3b2oh'!A33,"") -> 1 | H23: =IFERROR('dens_visc_beta+2m3b2oh'!C33,"") -> 0.93726 | I23: =IFERROR('dens_visc_beta+2m3b2oh'!H33,"") -> 0 | J23: =IFERROR('dens_visc_beta+2m3b2oh'!C47,"") -> 7.323 | K23: =IF(AND(ISNUMBER(H23),ISNUMBER(I23),ISNUMBER(J23)),"✓",COUNTIF(H23:J23,">-999")&"/3") -> ✓
A24: beta+2m3b2oh | B24: beta | C24: betaionone (trans) | D24: 2m3b2oh | E24: 2-methyl-3-buten-2-ol | F24: =IFERROR('dens_visc_beta+2m3b2oh'!D22,"") -> 40 | G24: =IFERROR('dens_visc_beta+2m3b2oh'!A23,"") -> 0 | H24: =IFERROR('dens_visc_beta+2m3b2oh'!D23,"") -> 0.8047 | I24: =IFERROR('dens_visc_beta+2m3b2oh'!I23,"") -> 0 | J24: =IFERROR('dens_visc_beta+2m3b2oh'!D37,"") -> 1.247 | K24: =IF(AND(ISNUMBER(H24),ISNUMBER(I24),ISNUMBER(J24)),"✓",COUNTIF(H24:J24,">-999")&"/3") -> ✓
A25: beta+2m3b2oh | B25: beta | C25: betaionone (trans) | D25: 2m3b2oh | E25: 2-methyl-3-buten-2-ol | F25: =IFERROR('dens_visc_beta+2m3b2oh'!D22,"") -> 40 | G25: =IFERROR('dens_visc_beta+2m3b2oh'!A24,"") -> 0.099609445 | H25: =IFERROR('dens_visc_beta+2m3b2oh'!D24,"") -> 0.8284 | I25: =IFERROR('dens_visc_beta+2m3b2oh'!I24,"") -> -0.24212496 | J25: =IFERROR('dens_visc_beta+2m3b2oh'!D38,"") -> 1.502 | K25: =IF(AND(ISNUMBER(H25),ISNUMBER(I25),ISNUMBER(J25)),"✓",COUNTIF(H25:J25,">-999")&"/3") -> ✓
A26: beta+2m3b2oh | B26: beta | C26: betaionone (trans) | D26: 2m3b2oh | E26: 2-methyl-3-buten-2-ol | F26: =IFERROR('dens_visc_beta+2m3b2oh'!D22,"") -> 40 | G26: =IFERROR('dens_visc_beta+2m3b2oh'!A25,"") -> 0.19728379 | H26: =IFERROR('dens_visc_beta+2m3b2oh'!D25,"") -> 0.84711 | I26: =IFERROR('dens_visc_beta+2m3b2oh'!I25,"") -> -0.33172661 | J26: =IFERROR('dens_visc_beta+2m3b2oh'!D39,"") -> 1.753 | K26: =IF(AND(ISNUMBER(H26),ISNUMBER(I26),ISNUMBER(J26)),"✓",COUNTIF(H26:J26,">-999")&"/3") -> ✓
A27: beta+2m3b2oh | B27: beta | C27: betaionone (trans) | D27: 2m3b2oh | E27: 2-methyl-3-buten-2-ol | F27: =IFERROR('dens_visc_beta+2m3b2oh'!D22,"") -> 40 | G27: =IFERROR('dens_visc_beta+2m3b2oh'!A26,"") -> 0.29604169 | H27: =IFERROR('dens_visc_beta+2m3b2oh'!D26,"") -> 0.86274 | I27: =IFERROR('dens_visc_beta+2m3b2oh'!I26,"") -> -0.3295592 | J27: =IFERROR('dens_visc_beta+2m3b2oh'!D40,"") -> 2.016 | K27: =IF(AND(ISNUMBER(H27),ISNUMBER(I27),ISNUMBER(J27)),"✓",COUNTIF(H27:J27,">-999")&"/3") -> ✓
A28: beta+2m3b2oh | B28: beta | C28: betaionone (trans) | D28: 2m3b2oh | E28: 2-methyl-3-buten-2-ol | F28: =IFERROR('dens_visc_beta+2m3b2oh'!D22,"") -> 40 | G28: =IFERROR('dens_visc_beta+2m3b2oh'!A27,"") -> 0.39641924 | H28: =IFERROR('dens_visc_beta+2m3b2oh'!D27,"") -> 0.87617 | I28: =IFERROR('dens_visc_beta+2m3b2oh'!I27,"") -> -0.27784243 | J28: =IFERROR('dens_visc_beta+2m3b2oh'!D41,"") -> 2.304 | K28: =IF(AND(ISNUMBER(H28),ISNUMBER(I28),ISNUMBER(J28)),"✓",COUNTIF(H28:J28,">-999")&"/3") -> ✓
A29: beta+2m3b2oh | B29: beta | C29: betaionone (trans) | D29: 2m3b2oh | E29: 2-methyl-3-buten-2-ol | F29: =IFERROR('dens_visc_beta+2m3b2oh'!D22,"") -> 40 | G29: =IFERROR('dens_visc_beta+2m3b2oh'!A28,"") -> 0.49244461 | H29: =IFERROR('dens_visc_beta+2m3b2oh'!D28,"") -> 0.88735 | I29: =IFERROR('dens_visc_beta+2m3b2oh'!I28,"") -> -0.22063289 | J29: =IFERROR('dens_visc_beta+2m3b2oh'!D42,"") -> 2.61 | K29: =IF(AND(ISNUMBER(H29),ISNUMBER(I29),ISNUMBER(J29)),"✓",COUNTIF(H29:J29,">-999")&"/3") -> ✓
A30: beta+2m3b2oh | B30: beta | C30: betaionone (trans) | D30: 2m3b2oh | E30: 2-methyl-3-buten-2-ol | F30: =IFERROR('dens_visc_beta+2m3b2oh'!D22,"") -> 40 | G30: =IFERROR('dens_visc_beta+2m3b2oh'!A29,"") -> 0.59529209 | H30: =IFERROR('dens_visc_beta+2m3b2oh'!D29,"") -> 0.89798 | I30: =IFERROR('dens_visc_beta+2m3b2oh'!I29,"") -> -0.17676126 | J30: =IFERROR('dens_visc_beta+2m3b2oh'!D43,"") -> 2.986 | K30: =IF(AND(ISNUMBER(H30),ISNUMBER(I30),ISNUMBER(J30)),"✓",COUNTIF(H30:J30,">-999")&"/3") -> ✓
A31: beta+2m3b2oh | B31: beta | C31: betaionone (trans) | D31: 2m3b2oh | E31: 2-methyl-3-buten-2-ol | F31: =IFERROR('dens_visc_beta+2m3b2oh'!D22,"") -> 40 | G31: =IFERROR('dens_visc_beta+2m3b2oh'!A30,"") -> 0.6940457 | H31: =IFERROR('dens_visc_beta+2m3b2oh'!D30,"") -> 0.90684 | I31: =IFERROR('dens_visc_beta+2m3b2oh'!I30,"") -> -0.10047876 | J31: =IFERROR('dens_visc_beta+2m3b2oh'!D44,"") -> 3.396 | K31: =IF(AND(ISNUMBER(H31),ISNUMBER(I31),ISNUMBER(J31)),"✓",COUNTIF(H31:J31,">-999")&"/3") -> ✓
A32: beta+2m3b2oh | B32: beta | C32: betaionone (trans) | D32: 2m3b2oh | E32: 2-methyl-3-buten-2-ol | F32: =IFERROR('dens_visc_beta+2m3b2oh'!D22,"") -> 40 | G32: =IFERROR('dens_visc_beta+2m3b2oh'!A31,"") -> 0.79734561 | H32: =IFERROR('dens_visc_beta+2m3b2oh'!D31,"") -> 0.91532 | I32: =IFERROR('dens_visc_beta+2m3b2oh'!I31,"") -> -0.065900426 | J32: =IFERROR('dens_visc_beta+2m3b2oh'!D45,"") -> 3.883 | K32: =IF(AND(ISNUMBER(H32),ISNUMBER(I32),ISNUMBER(J32)),"✓",COUNTIF(H32:J32,">-999")&"/3") -> ✓
A33: beta+2m3b2oh | B33: beta | C33: betaionone (trans) | D33: 2m3b2oh | E33: 2-methyl-3-buten-2-ol | F33: =IFERROR('dens_visc_beta+2m3b2oh'!D22,"") -> 40 | G33: =IFERROR('dens_visc_beta+2m3b2oh'!A32,"") -> 0.89719236 | H33: =IFERROR('dens_visc_beta+2m3b2oh'!D32,"") -> 0.92277 | I33: =IFERROR('dens_visc_beta+2m3b2oh'!I32,"") -> -0.054219614 | J33: =IFERROR('dens_visc_beta+2m3b2oh'!D46,"") -> 4.443 | K33: =IF(AND(ISNUMBER(H33),ISNUMBER(I33),ISNUMBER(J33)),"✓",COUNTIF(H33:J33,">-999")&"/3") -> ✓
A34: beta+2m3b2oh | B34: beta | C34: betaionone (trans) | D34: 2m3b2oh | E34: 2-methyl-3-buten-2-ol | F34: =IFERROR('dens_visc_beta+2m3b2oh'!D22,"") -> 40 | G34: =IFERROR('dens_visc_beta+2m3b2oh'!A33,"") -> 1 | H34: =IFERROR('dens_visc_beta+2m3b2oh'!D33,"") -> 0.9295 | I34: =IFERROR('dens_visc_beta+2m3b2oh'!I33,"") -> 0 | J34: =IFERROR('dens_visc_beta+2m3b2oh'!D47,"") -> 5.121 | K34: =IF(AND(ISNUMBER(H34),ISNUMBER(I34),ISNUMBER(J34)),"✓",COUNTIF(H34:J34,">-999")&"/3") -> ✓
A35: beta+2m3b2oh | B35: beta | C35: betaionone (trans) | D35: 2m3b2oh | E35: 2-methyl-3-buten-2-ol | F35: =IFERROR('dens_visc_beta+2m3b2oh'!E22,"") -> 50 | G35: =IFERROR('dens_visc_beta+2m3b2oh'!A23,"") -> 0 | H35: =IFERROR('dens_visc_beta+2m3b2oh'!E23,"") -> 0.79458 | I35: =IFERROR('dens_visc_beta+2m3b2oh'!J23,"") -> 0 | J35: =IFERROR('dens_visc_beta+2m3b2oh'!E37,"") -> 0.964 | K35: =IF(AND(ISNUMBER(H35),ISNUMBER(I35),ISNUMBER(J35)),"✓",COUNTIF(H35:J35,">-999")&"/3") -> ✓
A36: beta+2m3b2oh | B36: beta | C36: betaionone (trans) | D36: 2m3b2oh | E36: 2-methyl-3-buten-2-ol | F36: =IFERROR('dens_visc_beta+2m3b2oh'!E22,"") -> 50 | G36: =IFERROR('dens_visc_beta+2m3b2oh'!A24,"") -> 0.099609445 | H36: =IFERROR('dens_visc_beta+2m3b2oh'!E24,"") -> 0.81866 | I36: =IFERROR('dens_visc_beta+2m3b2oh'!J24,"") -> -0.2546065 | J36: =IFERROR('dens_visc_beta+2m3b2oh'!E38,"") -> 1.154 | K36: =IF(AND(ISNUMBER(H36),ISNUMBER(I36),ISNUMBER(J36)),"✓",COUNTIF(H36:J36,">-999")&"/3") -> ✓
A37: beta+2m3b2oh | B37: beta | C37: betaionone (trans) | D37: 2m3b2oh | E37: 2-methyl-3-buten-2-ol | F37: =IFERROR('dens_visc_beta+2m3b2oh'!E22,"") -> 50 | G37: =IFERROR('dens_visc_beta+2m3b2oh'!A25,"") -> 0.19728379 | H37: =IFERROR('dens_visc_beta+2m3b2oh'!E25,"") -> 0.83774 | I37: =IFERROR('dens_visc_beta+2m3b2oh'!J25,"") -> -0.35673114 | J37: =IFERROR('dens_visc_beta+2m3b2oh'!E39,"") -> 1.352 | K37: =IF(AND(ISNUMBER(H37),ISNUMBER(I37),ISNUMBER(J37)),"✓",COUNTIF(H37:J37,">-999")&"/3") -> ✓
A38: beta+2m3b2oh | B38: beta | C38: betaionone (trans) | D38: 2m3b2oh | E38: 2-methyl-3-buten-2-ol | F38: =IFERROR('dens_visc_beta+2m3b2oh'!E22,"") -> 50 | G38: =IFERROR('dens_visc_beta+2m3b2oh'!A26,"") -> 0.29604169 | H38: =IFERROR('dens_visc_beta+2m3b2oh'!E26,"") -> 0.8537 | I38: =IFERROR('dens_visc_beta+2m3b2oh'!J26,"") -> -0.36324014 | J38: =IFERROR('dens_visc_beta+2m3b2oh'!E40,"") -> 1.56 | K38: =IF(AND(ISNUMBER(H38),ISNUMBER(I38),ISNUMBER(J38)),"✓",COUNTIF(H38:J38,">-999")&"/3") -> ✓
A39: beta+2m3b2oh | B39: beta | C39: betaionone (trans) | D39: 2m3b2oh | E39: 2-methyl-3-buten-2-ol | F39: =IFERROR('dens_visc_beta+2m3b2oh'!E22,"") -> 50 | G39: =IFERROR('dens_visc_beta+2m3b2oh'!A27,"") -> 0.39641924 | H39: =IFERROR('dens_visc_beta+2m3b2oh'!E27,"") -> 0.86742 | I39: =IFERROR('dens_visc_beta+2m3b2oh'!J27,"") -> -0.31672659 | J39: =IFERROR('dens_visc_beta+2m3b2oh'!E41,"") -> 1.783 | K39: =IF(AND(ISNUMBER(H39),ISNUMBER(I39),ISNUMBER(J39)),"✓",COUNTIF(H39:J39,">-999")&"/3") -> ✓
A40: beta+2m3b2oh | B40: beta | C40: betaionone (trans) | D40: 2m3b2oh | E40: 2-methyl-3-buten-2-ol | F40: =IFERROR('dens_visc_beta+2m3b2oh'!E22,"") -> 50 | G40: =IFERROR('dens_visc_beta+2m3b2oh'!A28,"") -> 0.49244461 | H40: =IFERROR('dens_visc_beta+2m3b2oh'!E28,"") -> 0.87883 | I40: =IFERROR('dens_visc_beta+2m3b2oh'!J28,"") -> -0.26025369 | J40: =IFERROR('dens_visc_beta+2m3b2oh'!E42,"") -> 2.016 | K40: =IF(AND(ISNUMBER(H40),ISNUMBER(I40),ISNUMBER(J40)),"✓",COUNTIF(H40:J40,">-999")&"/3") -> ✓
A41: beta+2m3b2oh | B41: beta | C41: betaionone (trans) | D41: 2m3b2oh | E41: 2-methyl-3-buten-2-ol | F41: =IFERROR('dens_visc_beta+2m3b2oh'!E22,"") -> 50 | G41: =IFERROR('dens_visc_beta+2m3b2oh'!A29,"") -> 0.59529209 | H41: =IFERROR('dens_visc_beta+2m3b2oh'!E29,"") -> 0.88967 | I41: =IFERROR('dens_visc_beta+2m3b2oh'!J29,"") -> -0.21469013 | J41: =IFERROR('dens_visc_beta+2m3b2oh'!E43,"") -> 2.296 | K41: =IF(AND(ISNUMBER(H41),ISNUMBER(I41),ISNUMBER(J41)),"✓",COUNTIF(H41:J41,">-999")&"/3") -> ✓
A42: beta+2m3b2oh | B42: beta | C42: betaionone (trans) | D42: 2m3b2oh | E42: 2-methyl-3-buten-2-ol | F42: =IFERROR('dens_visc_beta+2m3b2oh'!E22,"") -> 50 | G42: =IFERROR('dens_visc_beta+2m3b2oh'!A30,"") -> 0.6940457 | H42: =IFERROR('dens_visc_beta+2m3b2oh'!E30,"") -> 0.89866 | I42: =IFERROR('dens_visc_beta+2m3b2oh'!J30,"") -> -0.12538029 | J42: =IFERROR('dens_visc_beta+2m3b2oh'!E44,"") -> 2.59 | K42: =IF(AND(ISNUMBER(H42),ISNUMBER(I42),ISNUMBER(J42)),"✓",COUNTIF(H42:J42,">-999")&"/3") -> ✓
A43: beta+2m3b2oh | B43: beta | C43: betaionone (trans) | D43: 2m3b2oh | E43: 2-methyl-3-buten-2-ol | F43: =IFERROR('dens_visc_beta+2m3b2oh'!E22,"") -> 50 | G43: =IFERROR('dens_visc_beta+2m3b2oh'!A31,"") -> 0.79734561 | H43: =IFERROR('dens_visc_beta+2m3b2oh'!E31,"") -> 0.90733 | I43: =IFERROR('dens_visc_beta+2m3b2oh'!J31,"") -> -0.091468531 | J43: =IFERROR('dens_visc_beta+2m3b2oh'!E45,"") -> 2.945 | K43: =IF(AND(ISNUMBER(H43),ISNUMBER(I43),ISNUMBER(J43)),"✓",COUNTIF(H43:J43,">-999")&"/3") -> ✓
A44: beta+2m3b2oh | B44: beta | C44: betaionone (trans) | D44: 2m3b2oh | E44: 2-methyl-3-buten-2-ol | F44: =IFERROR('dens_visc_beta+2m3b2oh'!E22,"") -> 50 | G44: =IFERROR('dens_visc_beta+2m3b2oh'!A32,"") -> 0.89719236 | H44: =IFERROR('dens_visc_beta+2m3b2oh'!E32,"") -> 0.91489 | I44: =IFERROR('dens_visc_beta+2m3b2oh'!J32,"") -> -0.068073522 | J44: =IFERROR('dens_visc_beta+2m3b2oh'!E46,"") -> 3.334 | K44: =IF(AND(ISNUMBER(H44),ISNUMBER(I44),ISNUMBER(J44)),"✓",COUNTIF(H44:J44,">-999")&"/3") -> ✓
A45: beta+2m3b2oh | B45: beta | C45: betaionone (trans) | D45: 2m3b2oh | E45: 2-methyl-3-buten-2-ol | F45: =IFERROR('dens_visc_beta+2m3b2oh'!E22,"") -> 50 | G45: =IFERROR('dens_visc_beta+2m3b2oh'!A33,"") -> 1 | H45: =IFERROR('dens_visc_beta+2m3b2oh'!E33,"") -> 0.92172 | I45: =IFERROR('dens_visc_beta+2m3b2oh'!J33,"") -> 0 | J45: =IFERROR('dens_visc_beta+2m3b2oh'!E47,"") -> 3.792 | K45: =IF(AND(ISNUMBER(H45),ISNUMBER(I45),ISNUMBER(J45)),"✓",COUNTIF(H45:J45,">-999")&"/3") -> ✓
A46: beta+2m3b2oh | B46: beta | C46: betaionone (trans) | D46: 2m3b2oh | E46: 2-methyl-3-buten-2-ol | F46: =IFERROR('dens_visc_beta+2m3b2oh'!F22,"") -> 60 | G46: =IFERROR('dens_visc_beta+2m3b2oh'!A23,"") -> 0 | H46: =IFERROR('dens_visc_beta+2m3b2oh'!F23,"") -> 0.7841 | I46: =IFERROR('dens_visc_beta+2m3b2oh'!K23,"") -> 0 | J46: =IFERROR('dens_visc_beta+2m3b2oh'!F37,"") -> 0.757 | K46: =IF(AND(ISNUMBER(H46),ISNUMBER(I46),ISNUMBER(J46)),"✓",COUNTIF(H46:J46,">-999")&"/3") -> ✓
A47: beta+2m3b2oh | B47: beta | C47: betaionone (trans) | D47: 2m3b2oh | E47: 2-methyl-3-buten-2-ol | F47: =IFERROR('dens_visc_beta+2m3b2oh'!F22,"") -> 60 | G47: =IFERROR('dens_visc_beta+2m3b2oh'!A24,"") -> 0.099609445 | H47: =IFERROR('dens_visc_beta+2m3b2oh'!F24,"") -> 0.80867 | I47: =IFERROR('dens_visc_beta+2m3b2oh'!K24,"") -> -0.27624335 | J47: =IFERROR('dens_visc_beta+2m3b2oh'!F38,"") -> 0.912 | K47: =IF(AND(ISNUMBER(H47),ISNUMBER(I47),ISNUMBER(J47)),"✓",COUNTIF(H47:J47,">-999")&"/3") -> ✓
A48: beta+2m3b2oh | B48: beta | C48: betaionone (trans) | D48: 2m3b2oh | E48: 2-methyl-3-buten-2-ol | F48: =IFERROR('dens_visc_beta+2m3b2oh'!F22,"") -> 60 | G48: =IFERROR('dens_visc_beta+2m3b2oh'!A25,"") -> 0.19728379 | H48: =IFERROR('dens_visc_beta+2m3b2oh'!F25,"") -> 0.82815 | I48: =IFERROR('dens_visc_beta+2m3b2oh'!K25,"") -> -0.38906901 | J48: =IFERROR('dens_visc_beta+2m3b2oh'!F39,"") -> 1.073 | K48: =IF(AND(ISNUMBER(H48),ISNUMBER(I48),ISNUMBER(J48)),"✓",COUNTIF(H48:J48,">-999")&"/3") -> ✓
A49: beta+2m3b2oh | B49: beta | C49: betaionone (trans) | D49: 2m3b2oh | E49: 2-methyl-3-buten-2-ol | F49: =IFERROR('dens_visc_beta+2m3b2oh'!F22,"") -> 60 | G49: =IFERROR('dens_visc_beta+2m3b2oh'!A26,"") -> 0.29604169 | H49: =IFERROR('dens_visc_beta+2m3b2oh'!F26,"") -> 0.84448 | I49: =IFERROR('dens_visc_beta+2m3b2oh'!K26,"") -> -0.40405348 | J49: =IFERROR('dens_visc_beta+2m3b2oh'!F40,"") -> 1.241 | K49: =IF(AND(ISNUMBER(H49),ISNUMBER(I49),ISNUMBER(J49)),"✓",COUNTIF(H49:J49,">-999")&"/3") -> ✓
A50: beta+2m3b2oh | B50: beta | C50: betaionone (trans) | D50: 2m3b2oh | E50: 2-methyl-3-buten-2-ol | F50: =IFERROR('dens_visc_beta+2m3b2oh'!F22,"") -> 60 | G50: =IFERROR('dens_visc_beta+2m3b2oh'!A27,"") -> 0.39641924 | H50: =IFERROR('dens_visc_beta+2m3b2oh'!F27,"") -> 0.85853 | I50: =IFERROR('dens_visc_beta+2m3b2oh'!K27,"") -> -0.36279228 | J50: =IFERROR('dens_visc_beta+2m3b2oh'!F41,"") -> 1.42 | K50: =IF(AND(ISNUMBER(H50),ISNUMBER(I50),ISNUMBER(J50)),"✓",COUNTIF(H50:J50,">-999")&"/3") -> ✓
A51: beta+2m3b2oh | B51: beta | C51: betaionone (trans) | D51: 2m3b2oh | E51: 2-methyl-3-buten-2-ol | F51: =IFERROR('dens_visc_beta+2m3b2oh'!F22,"") -> 60 | G51: =IFERROR('dens_visc_beta+2m3b2oh'!A28,"") -> 0.49244461 | H51: =IFERROR('dens_visc_beta+2m3b2oh'!F28,"") -> 0.8702 | I51: =IFERROR('dens_visc_beta+2m3b2oh'!K28,"") -> -0.3059736 | J51: =IFERROR('dens_visc_beta+2m3b2oh'!F42,"") -> 1.605 | K51: =IF(AND(ISNUMBER(H51),ISNUMBER(I51),ISNUMBER(J51)),"✓",COUNTIF(H51:J51,">-999")&"/3") -> ✓
A52: beta+2m3b2oh | B52: beta | C52: betaionone (trans) | D52: 2m3b2oh | E52: 2-methyl-3-buten-2-ol | F52: =IFERROR('dens_visc_beta+2m3b2oh'!F22,"") -> 60 | G52: =IFERROR('dens_visc_beta+2m3b2oh'!A29,"") -> 0.59529209 | H52: =IFERROR('dens_visc_beta+2m3b2oh'!F29,"") -> 0.88128 | I52: =IFERROR('dens_visc_beta+2m3b2oh'!K29,"") -> -0.25754039 | J52: =IFERROR('dens_visc_beta+2m3b2oh'!F43,"") -> 1.824 | K52: =IF(AND(ISNUMBER(H52),ISNUMBER(I52),ISNUMBER(J52)),"✓",COUNTIF(H52:J52,">-999")&"/3") -> ✓
A53: beta+2m3b2oh | B53: beta | C53: betaionone (trans) | D53: 2m3b2oh | E53: 2-methyl-3-buten-2-ol | F53: =IFERROR('dens_visc_beta+2m3b2oh'!F22,"") -> 60 | G53: =IFERROR('dens_visc_beta+2m3b2oh'!A30,"") -> 0.6940457 | H53: =IFERROR('dens_visc_beta+2m3b2oh'!F30,"") -> 0.89054 | I53: =IFERROR('dens_visc_beta+2m3b2oh'!K30,"") -> -0.1765248 | J53: =IFERROR('dens_visc_beta+2m3b2oh'!F44,"") -> 2.051 | K53: =IF(AND(ISNUMBER(H53),ISNUMBER(I53),ISNUMBER(J53)),"✓",COUNTIF(H53:J53,">-999")&"/3") -> ✓
A54: beta+2m3b2oh | B54: beta | C54: betaionone (trans) | D54: 2m3b2oh | E54: 2-methyl-3-buten-2-ol | F54: =IFERROR('dens_visc_beta+2m3b2oh'!F22,"") -> 60 | G54: =IFERROR('dens_visc_beta+2m3b2oh'!A31,"") -> 0.79734561 | H54: =IFERROR('dens_visc_beta+2m3b2oh'!F31,"") -> 0.8993 | I54: =IFERROR('dens_visc_beta+2m3b2oh'!K31,"") -> -0.11677294 | J54: =IFERROR('dens_visc_beta+2m3b2oh'!F45,"") -> 2.317 | K54: =IF(AND(ISNUMBER(H54),ISNUMBER(I54),ISNUMBER(J54)),"✓",COUNTIF(H54:J54,">-999")&"/3") -> ✓
A55: beta+2m3b2oh | B55: beta | C55: betaionone (trans) | D55: 2m3b2oh | E55: 2-methyl-3-buten-2-ol | F55: =IFERROR('dens_visc_beta+2m3b2oh'!F22,"") -> 60 | G55: =IFERROR('dens_visc_beta+2m3b2oh'!A32,"") -> 0.89719236 | H55: =IFERROR('dens_visc_beta+2m3b2oh'!F32,"") -> 0.90704 | I55: =IFERROR('dens_visc_beta+2m3b2oh'!K32,"") -> -0.090465546 | J55: =IFERROR('dens_visc_beta+2m3b2oh'!F46,"") -> 2.6 | K55: =IF(AND(ISNUMBER(H55),ISNUMBER(I55),ISNUMBER(J55)),"✓",COUNTIF(H55:J55,">-999")&"/3") -> ✓
A56: beta+2m3b2oh | B56: beta | C56: betaionone (trans) | D56: 2m3b2oh | E56: 2-methyl-3-buten-2-ol | F56: =IFERROR('dens_visc_beta+2m3b2oh'!F22,"") -> 60 | G56: =IFERROR('dens_visc_beta+2m3b2oh'!A33,"") -> 1 | H56: =IFERROR('dens_visc_beta+2m3b2oh'!F33,"") -> 0.91396 | I56: =IFERROR('dens_visc_beta+2m3b2oh'!K33,"") -> 0 | J56: =IFERROR('dens_visc_beta+2m3b2oh'!F47,"") -> 2.938 | K56: =IF(AND(ISNUMBER(H56),ISNUMBER(I56),ISNUMBER(J56)),"✓",COUNTIF(H56:J56,">-999")&"/3") -> ✓
A57: beta+2m2boh | B57: beta | C57: betaionone (trans) | D57: 2m2boh | E57: 2-methyl-2-butanol | F57: =IFERROR('dens_visc_beta+2m2boh'!B22,"") -> 20 | G57: =IFERROR('dens_visc_beta+2m2boh'!A23,"") -> 0 | H57: =IFERROR('dens_visc_beta+2m2boh'!B23,"") -> 0.80899 | I57: =IFERROR('dens_visc_beta+2m2boh'!G23,"") -> 0 | J57: =IFERROR('dens_visc_beta+2m2boh'!B37,"") -> 4.244 | K57: =IF(AND(ISNUMBER(H57),ISNUMBER(I57),ISNUMBER(J57)),"✓",COUNTIF(H57:J57,">-999")&"/3") -> ✓
A58: beta+2m2boh | B58: beta | C58: betaionone (trans) | D58: 2m2boh | E58: 2-methyl-2-butanol | F58: =IFERROR('dens_visc_beta+2m2boh'!B22,"") -> 20 | G58: =IFERROR('dens_visc_beta+2m2boh'!A24,"") | H58: =IFERROR('dens_visc_beta+2m2boh'!B24,"") -> 0 | I58: =IFERROR('dens_visc_beta+2m2boh'!G24,"") | J58: =IFERROR('dens_visc_beta+2m2boh'!B38,"") -> 0 | K58: =IF(AND(ISNUMBER(H58),ISNUMBER(I58),ISNUMBER(J58)),"✓",COUNTIF(H58:J58,">-999")&"/3") -> 2/3
A59: beta+2m2boh | B59: beta | C59: betaionone (trans) | D59: 2m2boh | E59: 2-methyl-2-butanol | F59: =IFERROR('dens_visc_beta+2m2boh'!B22,"") -> 20 | G59: =IFERROR('dens_visc_beta+2m2boh'!A25,"") | H59: =IFERROR('dens_visc_beta+2m2boh'!B25,"") -> 0 | I59: =IFERROR('dens_visc_beta+2m2boh'!G25,"") | J59: =IFERROR('dens_visc_beta+2m2boh'!B39,"") -> 0 | K59: =IF(AND(ISNUMBER(H59),ISNUMBER(I59),ISNUMBER(J59)),"✓",COUNTIF(H59:J59,">-999")&"/3") -> 2/3
A60: beta+2m2boh | B60: beta | C60: betaionone (trans) | D60: 2m2boh | E60: 2-methyl-2-butanol | F60: =IFERROR('dens_visc_beta+2m2boh'!B22,"") -> 20 | G60: =IFERROR('dens_visc_beta+2m2boh'!A26,"") | H60: =IFERROR('dens_visc_beta+2m2boh'!B26,"") -> 0 | I60: =IFERROR('dens_visc_beta+2m2boh'!G26,"") | J60: =IFERROR('dens_visc_beta+2m2boh'!B40,"") -> 0 | K60: =IF(AND(ISNUMBER(H60),ISNUMBER(I60),ISNUMBER(J60)),"✓",COUNTIF(H60:J60,">-999")&"/3") -> 2/3
A61: beta+2m2boh | B61: beta | C61: betaionone (trans) | D61: 2m2boh | E61: 2-methyl-2-butanol | F61: =IFERROR('dens_visc_beta+2m2boh'!B22,"") -> 20 | G61: =IFERROR('dens_visc_beta+2m2boh'!A27,"") | H61: =IFERROR('dens_visc_beta+2m2boh'!B27,"") -> 0 | I61: =IFERROR('dens_visc_beta+2m2boh'!G27,"") | J61: =IFERROR('dens_visc_beta+2m2boh'!B41,"") -> 0 | K61: =IF(AND(ISNUMBER(H61),ISNUMBER(I61),ISNUMBER(J61)),"✓",COUNTIF(H61:J61,">-999")&"/3") -> 2/3
A62: beta+2m2boh | B62: beta | C62: betaionone (trans) | D62: 2m2boh | E62: 2-methyl-2-butanol | F62: =IFERROR('dens_visc_beta+2m2boh'!B22,"") -> 20 | G62: =IFERROR('dens_visc_beta+2m2boh'!A28,"") | H62: =IFERROR('dens_visc_beta+2m2boh'!B28,"") -> 0 | I62: =IFERROR('dens_visc_beta+2m2boh'!G28,"") | J62: =IFERROR('dens_visc_beta+2m2boh'!B42,"") -> 0 | K62: =IF(AND(ISNUMBER(H62),ISNUMBER(I62),ISNUMBER(J62)),"✓",COUNTIF(H62:J62,">-999")&"/3") -> 2/3
A63: beta+2m2boh | B63: beta | C63: betaionone (trans) | D63: 2m2boh | E63: 2-methyl-2-butanol | F63: =IFERROR('dens_visc_beta+2m2boh'!B22,"") -> 20 | G63: =IFERROR('dens_visc_beta+2m2boh'!A29,"") | H63: =IFERROR('dens_visc_beta+2m2boh'!B29,"") -> 0 | I63: =IFERROR('dens_visc_beta+2m2boh'!G29,"") | J63: =IFERROR('dens_visc_beta+2m2boh'!B43,"") -> 0 | K63: =IF(AND(ISNUMBER(H63),ISNUMBER(I63),ISNUMBER(J63)),"✓",COUNTIF(H63:J63,">-999")&"/3") -> 2/3
A64: beta+2m2boh | B64: beta | C64: betaionone (trans) | D64: 2m2boh | E64: 2-methyl-2-butanol | F64: =IFERROR('dens_visc_beta+2m2boh'!B22,"") -> 20 | G64: =IFERROR('dens_visc_beta+2m2boh'!A30,"") | H64: =IFERROR('dens_visc_beta+2m2boh'!B30,"") -> 0 | I64: =IFERROR('dens_visc_beta+2m2boh'!G30,"") | J64: =IFERROR('dens_visc_beta+2m2boh'!B44,"") -> 0 | K64: =IF(AND(ISNUMBER(H64),ISNUMBER(I64),ISNUMBER(J64)),"✓",COUNTIF(H64:J64,">-999")&"/3") -> 2/3
A65: beta+2m2boh | B65: beta | C65: betaionone (trans) | D65: 2m2boh | E65: 2-methyl-2-butanol | F65: =IFERROR('dens_visc_beta+2m2boh'!B22,"") -> 20 | G65: =IFERROR('dens_visc_beta+2m2boh'!A31,"") | H65: =IFERROR('dens_visc_beta+2m2boh'!B31,"") -> 0 | I65: =IFERROR('dens_visc_beta+2m2boh'!G31,"") | J65: =IFERROR('dens_visc_beta+2m2boh'!B45,"") -> 0 | K65: =IF(AND(ISNUMBER(H65),ISNUMBER(I65),ISNUMBER(J65)),"✓",COUNTIF(H65:J65,">-999")&"/3") -> 2/3
A66: beta+2m2boh | B66: beta | C66: betaionone (trans) | D66: 2m2boh | E66: 2-methyl-2-butanol | F66: =IFERROR('dens_visc_beta+2m2boh'!B22,"") -> 20 | G66: =IFERROR('dens_visc_beta+2m2boh'!A32,"") | H66: =IFERROR('dens_visc_beta+2m2boh'!B32,"") -> 0 | I66: =IFERROR('dens_visc_beta+2m2boh'!G32,"") | J66: =IFERROR('dens_visc_beta+2m2boh'!B46,"") -> 0 | K66: =IF(AND(ISNUMBER(H66),ISNUMBER(I66),ISNUMBER(J66)),"✓",COUNTIF(H66:J66,">-999")&"/3") -> 2/3
A67: beta+2m2boh | B67: beta | C67: betaionone (trans) | D67: 2m2boh | E67: 2-methyl-2-butanol | F67: =IFERROR('dens_visc_beta+2m2boh'!B22,"") -> 20 | G67: =IFERROR('dens_visc_beta+2m2boh'!A33,"") -> 1 | H67: =IFERROR('dens_visc_beta+2m2boh'!B33,"") -> 0.94498 | I67: =IFERROR('dens_visc_beta+2m2boh'!G33,"") -> 0 | J67: =IFERROR('dens_visc_beta+2m2boh'!B47,"") -> 11.31 | K67: =IF(AND(ISNUMBER(H67),ISNUMBER(I67),ISNUMBER(J67)),"✓",COUNTIF(H67:J67,">-999")&"/3") -> ✓
A68: beta+2m2boh | B68: beta | C68: betaionone (trans) | D68: 2m2boh | E68: 2-methyl-2-butanol | F68: =IFERROR('dens_visc_beta+2m2boh'!C22,"") -> 30 | G68: =IFERROR('dens_visc_beta+2m2boh'!A23,"") -> 0 | H68: =IFERROR('dens_visc_beta+2m2boh'!C23,"") -> 0.79979 | I68: =IFERROR('dens_visc_beta+2m2boh'!H23,"") -> 0 | J68: =IFERROR('dens_visc_beta+2m2boh'!C37,"") -> 2.776 | K68: =IF(AND(ISNUMBER(H68),ISNUMBER(I68),ISNUMBER(J68)),"✓",COUNTIF(H68:J68,">-999")&"/3") -> ✓
A69: beta+2m2boh | B69: beta | C69: betaionone (trans) | D69: 2m2boh | E69: 2-methyl-2-butanol | F69: =IFERROR('dens_visc_beta+2m2boh'!C22,"") -> 30 | G69: =IFERROR('dens_visc_beta+2m2boh'!A24,"") | H69: =IFERROR('dens_visc_beta+2m2boh'!C24,"") -> 0 | I69: =IFERROR('dens_visc_beta+2m2boh'!H24,"") | J69: =IFERROR('dens_visc_beta+2m2boh'!C38,"") -> 0 | K69: =IF(AND(ISNUMBER(H69),ISNUMBER(I69),ISNUMBER(J69)),"✓",COUNTIF(H69:J69,">-999")&"/3") -> 2/3
A70: beta+2m2boh | B70: beta | C70: betaionone (trans) | D70: 2m2boh | E70: 2-methyl-2-butanol | F70: =IFERROR('dens_visc_beta+2m2boh'!C22,"") -> 30 | G70: =IFERROR('dens_visc_beta+2m2boh'!A25,"") | H70: =IFERROR('dens_visc_beta+2m2boh'!C25,"") -> 0 | I70: =IFERROR('dens_visc_beta+2m2boh'!H25,"") | J70: =IFERROR('dens_visc_beta+2m2boh'!C39,"") -> 0 | K70: =IF(AND(ISNUMBER(H70),ISNUMBER(I70),ISNUMBER(J70)),"✓",COUNTIF(H70:J70,">-999")&"/3") -> 2/3
A71: beta+2m2boh | B71: beta | C71: betaionone (trans) | D71: 2m2boh | E71: 2-methyl-2-butanol | F71: =IFERROR('dens_visc_beta+2m2boh'!C22,"") -> 30 | G71: =IFERROR('dens_visc_beta+2m2boh'!A26,"") | H71: =IFERROR('dens_visc_beta+2m2boh'!C26,"") -> 0 | I71: =IFERROR('dens_visc_beta+2m2boh'!H26,"") | J71: =IFERROR('dens_visc_beta+2m2boh'!C40,"") -> 0 | K71: =IF(AND(ISNUMBER(H71),ISNUMBER(I71),ISNUMBER(J71)),"✓",COUNTIF(H71:J71,">-999")&"/3") -> 2/3
A72: beta+2m2boh | B72: beta | C72: betaionone (trans) | D72: 2m2boh | E72: 2-methyl-2-butanol | F72: =IFERROR('dens_visc_beta+2m2boh'!C22,"") -> 30 | G72: =IFERROR('dens_visc_beta+2m2boh'!A27,"") | H72: =IFERROR('dens_visc_beta+2m2boh'!C27,"") -> 0 | I72: =IFERROR('dens_visc_beta+2m2boh'!H27,"") | J72: =IFERROR('dens_visc_beta+2m2boh'!C41,"") -> 0 | K72: =IF(AND(ISNUMBER(H72),ISNUMBER(I72),ISNUMBER(J72)),"✓",COUNTIF(H72:J72,">-999")&"/3") -> 2/3
A73: beta+2m2boh | B73: beta | C73: betaionone (trans) | D73: 2m2boh | E73: 2-methyl-2-butanol | F73: =IFERROR('dens_visc_beta+2m2boh'!C22,"") -> 30 | G73: =IFERROR('dens_visc_beta+2m2boh'!A28,"") | H73: =IFERROR('dens_visc_beta+2m2boh'!C28,"") -> 0 | I73: =IFERROR('dens_visc_beta+2m2boh'!H28,"") | J73: =IFERROR('dens_visc_beta+2m2boh'!C42,"") -> 0 | K73: =IF(AND(ISNUMBER(H73),ISNUMBER(I73),ISNUMBER(J73)),"✓",COUNTIF(H73:J73,">-999")&"/3") -> 2/3
A74: beta+2m2boh | B74: beta | C74: betaionone (trans) | D74: 2m2boh | E74: 2-methyl-2-butanol | F74: =IFERROR('dens_visc_beta+2m2boh'!C22,"") -> 30 | G74: =IFERROR('dens_visc_beta+2m2boh'!A29,"") | H74: =IFERROR('dens_visc_beta+2m2boh'!C29,"") -> 0 | I74: =IFERROR('dens_visc_beta+2m2boh'!H29,"") | J74: =IFERROR('dens_visc_beta+2m2boh'!C43,"") -> 0 | K74: =IF(AND(ISNUMBER(H74),ISNUMBER(I74),ISNUMBER(J74)),"✓",COUNTIF(H74:J74,">-999")&"/3") -> 2/3
A75: beta+2m2boh | B75: beta | C75: betaionone (trans) | D75: 2m2boh | E75: 2-methyl-2-butanol | F75: =IFERROR('dens_visc_beta+2m2boh'!C22,"") -> 30 | G75: =IFERROR('dens_visc_beta+2m2boh'!A30,"") | H75: =IFERROR('dens_visc_beta+2m2boh'!C30,"") -> 0 | I75: =IFERROR('dens_visc_beta+2m2boh'!H30,"") | J75: =IFERROR('dens_visc_beta+2m2boh'!C44,"") -> 0 | K75: =IF(AND(ISNUMBER(H75),ISNUMBER(I75),ISNUMBER(J75)),"✓",COUNTIF(H75:J75,">-999")&"/3") -> 2/3
A76: beta+2m2boh | B76: beta | C76: betaionone (trans) | D76: 2m2boh | E76: 2-methyl-2-butanol | F76: =IFERROR('dens_visc_beta+2m2boh'!C22,"") -> 30 | G76: =IFERROR('dens_visc_beta+2m2boh'!A31,"") | H76: =IFERROR('dens_visc_beta+2m2boh'!C31,"") -> 0 | I76: =IFERROR('dens_visc_beta+2m2boh'!H31,"") | J76: =IFERROR('dens_visc_beta+2m2boh'!C45,"") -> 0 | K76: =IF(AND(ISNUMBER(H76),ISNUMBER(I76),ISNUMBER(J76)),"✓",COUNTIF(H76:J76,">-999")&"/3") -> 2/3
A77: beta+2m2boh | B77: beta | C77: betaionone (trans) | D77: 2m2boh | E77: 2-methyl-2-butanol | F77: =IFERROR('dens_visc_beta+2m2boh'!C22,"") -> 30 | G77: =IFERROR('dens_visc_beta+2m2boh'!A32,"") | H77: =IFERROR('dens_visc_beta+2m2boh'!C32,"") -> 0 | I77: =IFERROR('dens_visc_beta+2m2boh'!H32,"") | J77: =IFERROR('dens_visc_beta+2m2boh'!C46,"") -> 0 | K77: =IF(AND(ISNUMBER(H77),ISNUMBER(I77),ISNUMBER(J77)),"✓",COUNTIF(H77:J77,">-999")&"/3") -> 2/3
A78: beta+2m2boh | B78: beta | C78: betaionone (trans) | D78: 2m2boh | E78: 2-methyl-2-butanol | F78: =IFERROR('dens_visc_beta+2m2boh'!C22,"") -> 30 | G78: =IFERROR('dens_visc_beta+2m2boh'!A33,"") -> 1 | H78: =IFERROR('dens_visc_beta+2m2boh'!C33,"") -> 0.93726 | I78: =IFERROR('dens_visc_beta+2m2boh'!H33,"") -> 0 | J78: =IFERROR('dens_visc_beta+2m2boh'!C47,"") -> 7.323 | K78: =IF(AND(ISNUMBER(H78),ISNUMBER(I78),ISNUMBER(J78)),"✓",COUNTIF(H78:J78,">-999")&"/3") -> ✓
A79: beta+2m2boh | B79: beta | C79: betaionone (trans) | D79: 2m2boh | E79: 2-methyl-2-butanol | F79: =IFERROR('dens_visc_beta+2m2boh'!D22,"") -> 40 | G79: =IFERROR('dens_visc_beta+2m2boh'!A23,"") -> 0 | H79: =IFERROR('dens_visc_beta+2m2boh'!D23,"") -> 0.79035 | I79: =IFERROR('dens_visc_beta+2m2boh'!I23,"") -> 0 | J79: =IFERROR('dens_visc_beta+2m2boh'!D37,"") -> 1.918 | K79: =IF(AND(ISNUMBER(H79),ISNUMBER(I79),ISNUMBER(J79)),"✓",COUNTIF(H79:J79,">-999")&"/3") -> ✓
A80: beta+2m2boh | B80: beta | C80: betaionone (trans) | D80: 2m2boh | E80: 2-methyl-2-butanol | F80: =IFERROR('dens_visc_beta+2m2boh'!D22,"") -> 40 | G80: =IFERROR('dens_visc_beta+2m2boh'!A24,"") | H80: =IFERROR('dens_visc_beta+2m2boh'!D24,"") -> 0 | I80: =IFERROR('dens_visc_beta+2m2boh'!I24,"") | J80: =IFERROR('dens_visc_beta+2m2boh'!D38,"") -> 0 | K80: =IF(AND(ISNUMBER(H80),ISNUMBER(I80),ISNUMBER(J80)),"✓",COUNTIF(H80:J80,">-999")&"/3") -> 2/3
A81: beta+2m2boh | B81: beta | C81: betaionone (trans) | D81: 2m2boh | E81: 2-methyl-2-butanol | F81: =IFERROR('dens_visc_beta+2m2boh'!D22,"") -> 40 | G81: =IFERROR('dens_visc_beta+2m2boh'!A25,"") | H81: =IFERROR('dens_visc_beta+2m2boh'!D25,"") -> 0 | I81: =IFERROR('dens_visc_beta+2m2boh'!I25,"") | J81: =IFERROR('dens_visc_beta+2m2boh'!D39,"") -> 0 | K81: =IF(AND(ISNUMBER(H81),ISNUMBER(I81),ISNUMBER(J81)),"✓",COUNTIF(H81:J81,">-999")&"/3") -> 2/3
A82: beta+2m2boh | B82: beta | C82: betaionone (trans) | D82: 2m2boh | E82: 2-methyl-2-butanol | F82: =IFERROR('dens_visc_beta+2m2boh'!D22,"") -> 40 | G82: =IFERROR('dens_visc_beta+2m2boh'!A26,"") | H82: =IFERROR('dens_visc_beta+2m2boh'!D26,"") -> 0 | I82: =IFERROR('dens_visc_beta+2m2boh'!I26,"") | J82: =IFERROR('dens_visc_beta+2m2boh'!D40,"") -> 0 | K82: =IF(AND(ISNUMBER(H82),ISNUMBER(I82),ISNUMBER(J82)),"✓",COUNTIF(H82:J82,">-999")&"/3") -> 2/3
A83: beta+2m2boh | B83: beta | C83: betaionone (trans) | D83: 2m2boh | E83: 2-methyl-2-butanol | F83: =IFERROR('dens_visc_beta+2m2boh'!D22,"") -> 40 | G83: =IFERROR('dens_visc_beta+2m2boh'!A27,"") | H83: =IFERROR('dens_visc_beta+2m2boh'!D27,"") -> 0 | I83: =IFERROR('dens_visc_beta+2m2boh'!I27,"") | J83: =IFERROR('dens_visc_beta+2m2boh'!D41,"") -> 0 | K83: =IF(AND(ISNUMBER(H83),ISNUMBER(I83),ISNUMBER(J83)),"✓",COUNTIF(H83:J83,">-999")&"/3") -> 2/3
A84: beta+2m2boh | B84: beta | C84: betaionone (trans) | D84: 2m2boh | E84: 2-methyl-2-butanol | F84: =IFERROR('dens_visc_beta+2m2boh'!D22,"") -> 40 | G84: =IFERROR('dens_visc_beta+2m2boh'!A28,"") | H84: =IFERROR('dens_visc_beta+2m2boh'!D28,"") -> 0 | I84: =IFERROR('dens_visc_beta+2m2boh'!I28,"") | J84: =IFERROR('dens_visc_beta+2m2boh'!D42,"") -> 0 | K84: =IF(AND(ISNUMBER(H84),ISNUMBER(I84),ISNUMBER(J84)),"✓",COUNTIF(H84:J84,">-999")&"/3") -> 2/3
A85: beta+2m2boh | B85: beta | C85: betaionone (trans) | D85: 2m2boh | E85: 2-methyl-2-butanol | F85: =IFERROR('dens_visc_beta+2m2boh'!D22,"") -> 40 | G85: =IFERROR('dens_visc_beta+2m2boh'!A29,"") | H85: =IFERROR('dens_visc_beta+2m2boh'!D29,"") -> 0 | I85: =IFERROR('dens_visc_beta+2m2boh'!I29,"") | J85: =IFERROR('dens_visc_beta+2m2boh'!D43,"") -> 0 | K85: =IF(AND(ISNUMBER(H85),ISNUMBER(I85),ISNUMBER(J85)),"✓",COUNTIF(H85:J85,">-999")&"/3") -> 2/3
A86: beta+2m2boh | B86: beta | C86: betaionone (trans) | D86: 2m2boh | E86: 2-methyl-2-butanol | F86: =IFERROR('dens_visc_beta+2m2boh'!D22,"") -> 40 | G86: =IFERROR('dens_visc_beta+2m2boh'!A30,"") | H86: =IFERROR('dens_visc_beta+2m2boh'!D30,"") -> 0 | I86: =IFERROR('dens_visc_beta+2m2boh'!I30,"") | J86: =IFERROR('dens_visc_beta+2m2boh'!D44,"") -> 0 | K86: =IF(AND(ISNUMBER(H86),ISNUMBER(I86),ISNUMBER(J86)),"✓",COUNTIF(H86:J86,">-999")&"/3") -> 2/3
A87: beta+2m2boh | B87: beta | C87: betaionone (trans) | D87: 2m2boh | E87: 2-methyl-2-butanol | F87: =IFERROR('dens_visc_beta+2m2boh'!D22,"") -> 40 | G87: =IFERROR('dens_visc_beta+2m2boh'!A31,"") | H87: =IFERROR('dens_visc_beta+2m2boh'!D31,"") -> 0 | I87: =IFERROR('dens_visc_beta+2m2boh'!I31,"") | J87: =IFERROR('dens_visc_beta+2m2boh'!D45,"") -> 0 | K87: =IF(AND(ISNUMBER(H87),ISNUMBER(I87),ISNUMBER(J87)),"✓",COUNTIF(H87:J87,">-999")&"/3") -> 2/3
A88: beta+2m2boh | B88: beta | C88: betaionone (trans) | D88: 2m2boh | E88: 2-methyl-2-butanol | F88: =IFERROR('dens_visc_beta+2m2boh'!D22,"") -> 40 | G88: =IFERROR('dens_visc_beta+2m2boh'!A32,"") | H88: =IFERROR('dens_visc_beta+2m2boh'!D32,"") -> 0 | I88: =IFERROR('dens_visc_beta+2m2boh'!I32,"") | J88: =IFERROR('dens_visc_beta+2m2boh'!D46,"") -> 0 | K88: =IF(AND(ISNUMBER(H88),ISNUMBER(I88),ISNUMBER(J88)),"✓",COUNTIF(H88:J88,">-999")&"/3") -> 2/3
A89: beta+2m2boh | B89: beta | C89: betaionone (trans) | D89: 2m2boh | E89: 2-methyl-2-butanol | F89: =IFERROR('dens_visc_beta+2m2boh'!D22,"") -> 40 | G89: =IFERROR('dens_visc_beta+2m2boh'!A33,"") -> 1 | H89: =IFERROR('dens_visc_beta+2m2boh'!D33,"") -> 0.9295 | I89: =IFERROR('dens_visc_beta+2m2boh'!I33,"") -> 0 | J89: =IFERROR('dens_visc_beta+2m2boh'!D47,"") -> 5.121 | K89: =IF(AND(ISNUMBER(H89),ISNUMBER(I89),ISNUMBER(J89)),"✓",COUNTIF(H89:J89,">-999")&"/3") -> ✓
A90: beta+2m2boh | B90: beta | C90: betaionone (trans) | D90: 2m2boh | E90: 2-methyl-2-butanol | F90: =IFERROR('dens_visc_beta+2m2boh'!E22,"") -> 50 | G90: =IFERROR('dens_visc_beta+2m2boh'!A23,"") -> 0 | H90: =IFERROR('dens_visc_beta+2m2boh'!E23,"") -> 0.7806 | I90: =IFERROR('dens_visc_beta+2m2boh'!J23,"") -> 0 | J90: =IFERROR('dens_visc_beta+2m2boh'!E37,"") -> 1.397 | K90: =IF(AND(ISNUMBER(H90),ISNUMBER(I90),ISNUMBER(J90)),"✓",COUNTIF(H90:J90,">-999")&"/3") -> ✓
A91: beta+2m2boh | B91: beta | C91: betaionone (trans) | D91: 2m2boh | E91: 2-methyl-2-butanol | F91: =IFERROR('dens_visc_beta+2m2boh'!E22,"") -> 50 | G91: =IFERROR('dens_visc_beta+2m2boh'!A24,"") | H91: =IFERROR('dens_visc_beta+2m2boh'!E24,"") -> 0 | I91: =IFERROR('dens_visc_beta+2m2boh'!J24,"") | J91: =IFERROR('dens_visc_beta+2m2boh'!E38,"") -> 0 | K91: =IF(AND(ISNUMBER(H91),ISNUMBER(I91),ISNUMBER(J91)),"✓",COUNTIF(H91:J91,">-999")&"/3") -> 2/3
A92: beta+2m2boh | B92: beta | C92: betaionone (trans) | D92: 2m2boh | E92: 2-methyl-2-butanol | F92: =IFERROR('dens_visc_beta+2m2boh'!E22,"") -> 50 | G92: =IFERROR('dens_visc_beta+2m2boh'!A25,"") | H92: =IFERROR('dens_visc_beta+2m2boh'!E25,"") -> 0 | I92: =IFERROR('dens_visc_beta+2m2boh'!J25,"") | J92: =IFERROR('dens_visc_beta+2m2boh'!E39,"") -> 0 | K92: =IF(AND(ISNUMBER(H92),ISNUMBER(I92),ISNUMBER(J92)),"✓",COUNTIF(H92:J92,">-999")&"/3") -> 2/3
A93: beta+2m2boh | B93: beta | C93: betaionone (trans) | D93: 2m2boh | E93: 2-methyl-2-butanol | F93: =IFERROR('dens_visc_beta+2m2boh'!E22,"") -> 50 | G93: =IFERROR('dens_visc_beta+2m2boh'!A26,"") | H93: =IFERROR('dens_visc_beta+2m2boh'!E26,"") -> 0 | I93: =IFERROR('dens_visc_beta+2m2boh'!J26,"") | J93: =IFERROR('dens_visc_beta+2m2boh'!E40,"") -> 0 | K93: =IF(AND(ISNUMBER(H93),ISNUMBER(I93),ISNUMBER(J93)),"✓",COUNTIF(H93:J93,">-999")&"/3") -> 2/3
A94: beta+2m2boh | B94: beta | C94: betaionone (trans) | D94: 2m2boh | E94: 2-methyl-2-butanol | F94: =IFERROR('dens_visc_beta+2m2boh'!E22,"") -> 50 | G94: =IFERROR('dens_visc_beta+2m2boh'!A27,"") | H94: =IFERROR('dens_visc_beta+2m2boh'!E27,"") -> 0 | I94: =IFERROR('dens_visc_beta+2m2boh'!J27,"") | J94: =IFERROR('dens_visc_beta+2m2boh'!E41,"") -> 0 | K94: =IF(AND(ISNUMBER(H94),ISNUMBER(I94),ISNUMBER(J94)),"✓",COUNTIF(H94:J94,">-999")&"/3") -> 2/3
A95: beta+2m2boh | B95: beta | C95: betaionone (trans) | D95: 2m2boh | E95: 2-methyl-2-butanol | F95: =IFERROR('dens_visc_beta+2m2boh'!E22,"") -> 50 | G95: =IFERROR('dens_visc_beta+2m2boh'!A28,"") | H95: =IFERROR('dens_visc_beta+2m2boh'!E28,"") -> 0 | I95: =IFERROR('dens_visc_beta+2m2boh'!J28,"") | J95: =IFERROR('dens_visc_beta+2m2boh'!E42,"") -> 0 | K95: =IF(AND(ISNUMBER(H95),ISNUMBER(I95),ISNUMBER(J95)),"✓",COUNTIF(H95:J95,">-999")&"/3") -> 2/3
A96: beta+2m2boh | B96: beta | C96: betaionone (trans) | D96: 2m2boh | E96: 2-methyl-2-butanol | F96: =IFERROR('dens_visc_beta+2m2boh'!E22,"") -> 50 | G96: =IFERROR('dens_visc_beta+2m2boh'!A29,"") | H96: =IFERROR('dens_visc_beta+2m2boh'!E29,"") -> 0 | I96: =IFERROR('dens_visc_beta+2m2boh'!J29,"") | J96: =IFERROR('dens_visc_beta+2m2boh'!E43,"") -> 0 | K96: =IF(AND(ISNUMBER(H96),ISNUMBER(I96),ISNUMBER(J96)),"✓",COUNTIF(H96:J96,">-999")&"/3") -> 2/3
A97: beta+2m2boh | B97: beta | C97: betaionone (trans) | D97: 2m2boh | E97: 2-methyl-2-butanol | F97: =IFERROR('dens_visc_beta+2m2boh'!E22,"") -> 50 | G97: =IFERROR('dens_visc_beta+2m2boh'!A30,"") | H97: =IFERROR('dens_visc_beta+2m2boh'!E30,"") -> 0 | I97: =IFERROR('dens_visc_beta+2m2boh'!J30,"") | J97: =IFERROR('dens_visc_beta+2m2boh'!E44,"") -> 0 | K97: =IF(AND(ISNUMBER(H97),ISNUMBER(I97),ISNUMBER(J97)),"✓",COUNTIF(H97:J97,">-999")&"/3") -> 2/3
A98: beta+2m2boh | B98: beta | C98: betaionone (trans) | D98: 2m2boh | E98: 2-methyl-2-butanol | F98: =IFERROR('dens_visc_beta+2m2boh'!E22,"") -> 50 | G98: =IFERROR('dens_visc_beta+2m2boh'!A31,"") | H98: =IFERROR('dens_visc_beta+2m2boh'!E31,"") -> 0 | I98: =IFERROR('dens_visc_beta+2m2boh'!J31,"") | J98: =IFERROR('dens_visc_beta+2m2boh'!E45,"") -> 0 | K98: =IF(AND(ISNUMBER(H98),ISNUMBER(I98),ISNUMBER(J98)),"✓",COUNTIF(H98:J98,">-999")&"/3") -> 2/3
A99: beta+2m2boh | B99: beta | C99: betaionone (trans) | D99: 2m2boh | E99: 2-methyl-2-butanol | F99: =IFERROR('dens_visc_beta+2m2boh'!E22,"") -> 50 | G99: =IFERROR('dens_visc_beta+2m2boh'!A32,"") | H99: =IFERROR('dens_visc_beta+2m2boh'!E32,"") -> 0 | I99: =IFERROR('dens_visc_beta+2m2boh'!J32,"") | J99: =IFERROR('dens_visc_beta+2m2boh'!E46,"") -> 0 | K99: =IF(AND(ISNUMBER(H99),ISNUMBER(I99),ISNUMBER(J99)),"✓",COUNTIF(H99:J99,">-999")&"/3") -> 2/3
A100: beta+2m2boh | B100: beta | C100: betaionone (trans) | D100: 2m2boh | E100: 2-methyl-2-butanol | F100: =IFERROR('dens_visc_beta+2m2boh'!E22,"") -> 50 | G100: =IFERROR('dens_visc_beta+2m2boh'!A33,"") -> 1 | H100: =IFERROR('dens_visc_beta+2m2boh'!E33,"") -> 0.92172 | I100: =IFERROR('dens_visc_beta+2m2boh'!J33,"") -> 0 | J100: =IFERROR('dens_visc_beta+2m2boh'!E47,"") -> 3.792 | K100: =IF(AND(ISNUMBER(H100),ISNUMBER(I100),ISNUMBER(J100)),"✓",COUNTIF(H100:J100,">-999")&"/3") -> ✓
...

Sheet Componentes
A1: IDENTIFICADOR | G1: INVENTARIO | M1: PROPIEDADES | S1: SEGURIDAD | V1: METADATA
A2: ID | B2: Chemical Name | C2: Common Name(s) | D2: CAS Number | E2: Formula | F2: Canonical SMILES | G2: Location | H2: Supplier | I2: Grade/Purity | J2: Lot Number | K2: Quantity | L2: Unit | M2: MW | N2: Tb | O2: Tm | P2: ρ (25°C) | Q2: η (25°C) | R2: Pᵛᵃᵖ (25°C) | S2: Flash Point | T2: Hazard Class | U2: Storage | V2: Date Received | W2: Status | X2: Notes | AA2: comp_id | AB2: MW | AC2: purity
A3: Internal component code | B3: IUPAC or standard name | C3: Alternative names | D3: CAS registry number | E3: Molecular formula | F3: For modeling/databases | G3: Lab position (e.g., 3.1) | H3: Vendor name | I3: (Según batch) | J3: Batch identifier | K3: Amount available | L3: mL, g, kg, etc. | M3: g/mol | N3: °C (1 atm) | O3: °C | P3: g/cm³ | Q3: mPa·s | R3: kPa | S3: °C | T3: GHS classification | U3: Requirements | V3: YYYY-MM-DD | W3: Active/Depleted | X3: Additional info | AA3: beta | AB3: 192.3 | AC3: 0.978
A4: beta | B4: b-ionone (trans) | C4: - | D4: 14901-07-6 | E4: C13H20O | F4: CC1=C(C(CCC1)(C)C)/C=C/C(=O)C | G4: REFRIGERADOR | H4: Sigma-Aldrich | I4: 97.8% (GC) | J4: SHBL2869 | K4: 1 | L4: L | M4: 192.3 | N4: 266 | O4: - | P4: 0.942 | R4: - | S4: - | T4: - | U4: - | V4: - | W4: Active | AA4: 2pe | AB4: 122.16 | AC4: 1
A5: 2pe | B5: 2-phenylethanol | C5: - | D5: 60-12-8 | E5: C8H10O | F5: OCCc1ccccc1 | G5: 3.x | H5: Sigma-Aldrich | I5: > 99.9% (GC) | J5: SDBB2371 | K5: 1 | L5: L | M5: 122.16 | N5: 219 | O5: - | P5: 1.02 | R5: - | S5: - | T5: - | U5: - | V5: - | W5: Active | AA5: gamma | AB5: 170.25 | AC5: 0.987
A6: gamma | B6: g-decalactone | C6: - | D6: 706-14-9 | E6: C10H18O2 | F6: CCCCCCC1CCC(=O)O1 | G6: 3.x | H6: Sigma-Aldrich | I6: 98.7% (GC) | J6: SHBR4960 | K6: 1 | L6: L | M6: 170.25 | N6: 285 | O6: - | P6: 0.969 | R6: - | S6: - | T6: - | U6: - | V6: - | W6: Active | AA6: 2m3b2oh | AB6: 86.13 | AC6: 0.996
A7: 2m3b2oh | B7: 2-methyl-3-buten-2-ol | C7: 2M3B2OH | D7: 115-18-4 | E7: C5H10O | F7: CC(C)(C=C)O | G7: REFRIGERADOR | H7: Aldrich | I7: 99.6% (GC) | J7: STBH5331 | K7: 1 | L7: L | M7: 86.13 | N7: 99 | O7: - | P7: 0.824 | R7: - | S7: - | T7: - | U7: - | V7: - | W7: Active | AA7: 2m2boh | AB7: 88.15 | AC7: 1
A8: 2m2boh | B8: 2-methyl-2-butanol | C8: tert-amyl alcohol | D8: 75-85-4 | E8: C5H12O | F8: CCC(C)(C)O | G8: 3.2 | H8: Sigma-Aldrich | I8: >99.9% (GC) | J8: SDBB4598 | K8: 1 | L8: L | M8: 88.15 | N8: 102 | O8: - | P8: 0.805 | R8: - | S8: - | T8: - | U8: - | V8: - | W8: Active | AA8: hexoh | AB8: 102.17 | AC8: 0.998
A9: hexoh | B9: 1-hexanol | C9: - | D9: 111-27-3 | E9: C6H18O | F9: CCCCCCO | G9: 1.3. | H9: Sigma-Aldrich | I9: 99.8% (GC) | J9: SHBC9189V | K9: 700 | L9: mL | M9: 102.17 | N9: 156 | O9: - | P9: 0.814 | R9: - | S9: - | T9: - | U9: - | V9: - | W9: Active | AA9: octoh | AB9: 130.23 | AC9: 0.997
A10: octoh | B10: 1-octanol | C10: - | D10: 111-87-5 | E10: C8H18O | F10: CCCCCCCCO | G10: 1.2 | H10: Sigma-Aldrich | I10: 99.7% (GC) | J10: SDBB1117 | K10: 200? | L10: mL | M10: 130.23 | N10: 195 | O10: - | P10: 0.824 | R10: - | S10: - | T10: - | U10: - | V10: - | W10: Active | AA10: mibk | AB10: 100.16 | AC10: 0.998
A11: mibk | B11: methyl isobutyl ketone | C11: MIBK | D11: 108-10-1 | E11: C6H12O | F11: CC(C)CC(=O)C | G11: 2.4 | H11: Merck Millipor | I11: 99.8% (GC) | J11: K51239346927 | K11: 300? | L11: mL | M11: 100.16 | N11: 115 | O11: - | P11: 0.802 | R11: - | S11: - | T11: - | U11: - | V11: - | W11: Active | AA11: 2octanone | AB11: 128.21 | AC11: 0.988
A12: 2octanone | B12: 2-octanone | C12: Hexyl methyl ketone | D12: 111-13-7 | E12: C8H16O | F12: CCCCCCC(=O)C | G12: 3.2 | H12: Sigma-Aldrich | I12: 98.8% (GC) | J12: SHBQ4121 | K12: 200? | L12: mL | M12: 128.21 | N12: 173 | O12: - | P12: 0.819 | R12: - | S12: - | T12: - | U12: - | V12: - | W12: Active
A13: thymol | B13: Thymol | C13: - | D13: 89-83-8 | E13: C10H14O | F13: Cc1ccc(C(C)C)c(O)c1 | G13: 1.2 | H13: Sigma-Aldrich | I13: >99.9% (GC) | J13: SHBQ5769 | K13: 800 | L13: g | M13: 150.22 | N13: 233 | O13: - | P13: 0.96 | R13: - | S13: - | T13: - | U13: - | V13: - | W13: Active
A14: carvone | B14: L-Carvone | C14: (-)-Carvone | D14: 6485-40-1 | E14: C10H14O | F14: C=C(C)[C@@H]1CC=C(C)C(=O)C1 | G14: 1.2 | H14: Sigma-Aldrich | I14: 99.2% (GC) | J14: SHBQ8402 | K14: 1 | L14: kg | M14: 150.22 | N14: 226 | O14: - | P14: 0.96 | R14: - | S14: - | T14: - | U14: - | V14: - | W14: Active
A15: camphor | B15: DL-Camphor | C15: - | D15: 76-22-2 | E15: C10H16O | F15: CC1(C)C2CCC1(C)C(=O)C2 | G15: 3.2 | H15: Sigma-Aldrich | I15: 96.9% (GC) | J15: SDBB0718 | K15: 250 | L15: g | M15: 152.24 | N15: 210 | O15: - | P15: 0.99 | R15: - | S15: - | T15: - | U15: - | V15: - | W15: Active
A16: geraniol | B16: Geraniol | C16: - | D16: 106-24-1 | E16: C10H18O | F16: CC(C)=CCC/C(C)=C/CO | G16: 2.3 | H16: Sigma-Aldrich | I16: 98.9% (GC) | J16: SHBP7700 | K16: 700 | L16: g | M16: 154.25 | N16: 229 | O16: - | P16: 0.889 | R16: - | S16: - | T16: - | U16: - | V16: - | W16: Active
A17: carvacrol | B17: Carvacrol | C17: - | D17: 499-75-2 | E17: C10H14O | F17: Cc1ccc(C(C)C)cc1O | G17: 2.1 | H17: Sigma-Aldrich | I17: 99.7% (GC) | J17: SHBQ9085 | K17: 400? | L17: mL | M17: 150.22 | N17: 239 | O17: - | P17: 0.977 | R17: - | S17: - | T17: - | U17: - | V17: - | W17: Active
A18: eugenol | B18: Eugenol | C18: - | D18: 97-53-0 | E18: C10H12O2 | F18: C=CCc1ccc(O)c(OC)c1 | G18: 1.3 | H18: Sigma-Aldrich | I18: 99.2% (GC) | J18: SHBM4053 | K18: 500? | L18: mL | M18: 164.2 | N18: 215 | O18: - | P18: 1.06 | R18: - | S18: - | T18: - | U18: - | V18: - | W18: Active
A19: h2o | B19: Water | C19: - | D19: - | E19: - | G19: - | H19: - | I19: HPLC | J19: - | K19: - | L19: - | M19: 18.02 | N19: 100 | O19: - | R19: - | S19: - | T19: - | U19: - | V19: - | W19: Active
B21: Aroma (soluto)
B22: Solventes
B23: DESs
B24: Agua (diluyente)

Sheet datos_solventes
B2: Densidad | C2: 2-methyl-3-buten-2-ol | D2: 2-methyl-2-butanol | E2: 1-hexanol | F2: 1-octanol | G2: methyl isobutyl ketone | H2: 2-octanone
B3: b-ionona
B4: 2-phenylethanol
B5: g-decalactone
B7: Viscosidad | C7: 2-methyl-3-buten-2-ol | D7: 2-methyl-2-butanol | E7: 1-hexanol | F7: 1-octanol | G7: methyl isobutyl ketone | H7: 2-octanone
B8: b-ionona
B9: 2-phenylethanol
B10: g-decalactone
B12: LLE con agua | C12: 2-methyl-3-buten-2-ol | D12: 2-methyl-2-butanol | E12: 1-hexanol | F12: 1-octanol | G12: methyl isobutyl ketone | H12: 2-octanone
B13: b-ionona
B14: 2-phenylethanol
B15: g-decalactone
B17: VLE | C17: 2-methyl-3-buten-2-ol | D17: 2-methyl-2-butanol | E17: 1-hexanol | F17: 1-octanol | G17: methyl isobutyl ketone | H17: 2-octanone
B18: b-ionona
B19: 2-phenylethanol
B20: g-decalactone
C22: Published
C23: Measured
C24: Falta Fleck | E24: Meter al viscosimetro
C25: Falta Vanesa
C26: Falta Hector

Sheet datos_des
B2: Densidad | C2: ThyCar | D2: ThyGer | E2: ThyCarvon | F2: ThyEug | G2: CamCar | H2: CamGer | I2: CamCarvac | J2: CamEug
B3: b-ionona | L3: HBA | M3: HBD
B4: 2-phenylethanol | K4: 1 | L4: Thymol | M4: Carvone | N4: 1
B5: g-decalactone | K5: 2 | L5: Camphor | M5: Geraniol | N5: 2
M6: Carvacrol | N6: 3
B7: Viscosidad | C7: ThyCar | D7: ThyGer | E7: ThyCarvon | F7: ThyEug | G7: CamCar | H7: CamGer | I7: CamCarvac | J7: CamEug | M7: Eugenol | N7: 4
B8: b-ionona
B9: 2-phenylethanol
B10: g-decalactone
B12: LLE con agua | C12: ThyCar | D12: ThyGer | E12: ThyCarvon | F12: ThyEug | G12: CamCar | H12: CamGer | I12: CamCarvac | J12: CamEug
B13: b-ionona
B14: 2-phenylethanol
B15: g-decalactone
B17: VLE | C17: ThyCar | D17: ThyGer | E17: ThyCarvon | F17: ThyEug | G17: CamCar | H17: CamGer | I17: CamCarvac | J17: CamEug
B18: b-ionona
B19: 2-phenylethanol
B20: g-decalactone
C23: Falta fleck

Sheet densidad_viscosidad_puros
A1: 2-methyl-3-buten-2-ol
A2: // DATOS DE DENSIDAD Y VISCOSIDAD IMPORTADOS
B3: Lovis / DMA
A4: temperature_c | B4: Unique Sample Id | C4: Date | D4: Time | E4: Sample Name | F4: Master Condition | G4: Density | H4: Density Temperature | I4: Lovis Dyn. Viscosity | J4: Lovis Kin. Viscosity | K4: Lovis Temperature | L4: Lovis Variation Coefficient | M4: Lovis Fw/Bw Deviation | N4: Lovis Current Capillary
A5: 20 | B5: 12817 | C5: 19-11-2025 | D5: 0 | E5: 2-methyl-3-buten-2-ol_pure | F5: valid | G5: 0.82388 | H5: 20.02 | I5: 2.353 | J5: 2.856 | K5: 20 | L5: 0.02 | M5: 0.12 | N5: Chico (35990024)
A6: 30 | B6: 12818 | C6: 19-11-2025 | D6: 0.41909722 | E6: 2-methyl-3-buten-2-ol_pure | F6: valid | G6: 0.81447 | H6: 29.98 | I6: 1.682 | J6: 2.065 | K6: 30 | L6: 0.02 | M6: 0.74 | N6: Chico (35990024)
A7: 40 | B7: 12819 | C7: 19-11-2025 | D7: 0.42425926 | E7: 2-methyl-3-buten-2-ol_pure | F7: valid | G7: 0.8047 | H7: 39.97 | I7: 1.247 | J7: 1.549 | K7: 40 | L7: 0.08 | M7: 0.83 | N7: Chico (35990024)
A8: 50 | B8: 12820 | C8: 19-11-2025 | D8: 0.43135417 | E8: 2-methyl-3-buten-2-ol_pure | F8: valid | G8: 0.79458 | H8: 49.97 | I8: 0.964 | J8: 1.214 | K8: 50 | L8: 0.04 | M8: 1 | N8: Chico (35990024)
A9: 60 | B9: 12821 | C9: 19-11-2025 | D9: 0.44179398 | E9: 2-methyl-3-buten-2-ol_pure | F9: valid | G9: 0.7841 | H9: 59.98 | I9: 0.757 | J9: 0.965 | K9: 60 | L9: 0.05 | M9: 0.17 | N9: Chico (35990024)
I10: =(I6-I5) / 10 -> -0.0671
A11: 2-methyl-2-butanol
A12: // DATOS DE DENSIDAD Y VISCOSIDAD IMPORTADOS
B13: Lovis / DMA
A14: temperature_c | B14: Unique Sample Id | C14: Date | D14: Time | E14: Sample Name | F14: Master Condition | G14: Density | H14: Density Temperature | I14: Lovis Dyn. Viscosity | J14: Lovis Kin. Viscosity | K14: Lovis Temperature | L14: Lovis Variation Coefficient | M14: Lovis Fw/Bw Deviation | N14: Lovis Current Capillary
A15: 20 | B15: 12797 | C15: 18-11-2025 | D15: 0.78501157 | E15: 2-methyl-2-butanol_pure | F15: valid | G15: 0.80899 | H15: 20.06 | I15: 4.244 | J15: 5.245 | K15: 20 | L15: 0.06 | M15: 0.22 | N15: Chico (35990024)
A16: 30 | B16: 12798 | C16: 18-11-2025 | D16: 0.7918287 | E16: 2-methyl-2-butanol_pure | F16: valid | G16: 0.79979 | H16: 29.97 | I16: 2.776 | J16: 3.471 | K16: 30 | L16: 0.06 | M16: 0.88 | N16: Chico (35990024)
A17: 40 | B17: 12799 | C17: 18-11-2025 | D17: 0.79924769 | E17: 2-methyl-2-butanol_pure | F17: valid | G17: 0.79035 | H17: 39.97 | I17: 1.918 | J17: 2.427 | K17: 40 | L17: 0.08 | M17: 0.94 | N17: Chico (35990024)
A18: 50 | B18: 12800 | C18: 18-11-2025 | D18: 0.80935185 | E18: 2-methyl-2-butanol_pure | F18: valid | G18: 0.7806 | H18: 49.98 | I18: 1.397 | J18: 1.789 | K18: 50 | L18: 0.12 | M18: 1.12 | N18: Chico (35990024)
A19: 60 | B19: 12802 | C19: 18-11-2025 | D19: 0.83018519 | E19: 2-methyl-2-butanol_pure | F19: valid | G19: 0.77049 | H19: 59.98 | I19: 1.036 | J19: 1.345 | K19: 60 | L19: 0 | M19: 0.61 | N19: Chico (35990024)
A21: 1-hexanol
A22: // DATOS DE DENSIDAD Y VISCOSIDAD IMPORTADOS
B23: Lovis / DMA
A24: temperature_c | B24: Unique Sample Id | C24: Date | D24: Time | E24: Sample Name | F24: Master Condition | G24: Density | H24: Density Temperature | I24: Lovis Dyn. Viscosity | J24: Lovis Kin. Viscosity | K24: Lovis Temperature | L24: Lovis Variation Coefficient | M24: Lovis Fw/Bw Deviation | N24: Lovis Current Capillary
A25: 20 | B25: 12811 | C25: 19-11-2025 | D25: 0.33299769 | E25: 1-hexanol_pure | F25: valid | G25: 0.81883 | H25: 19.98 | I25: 5.278 | J25: 6.446 | K25: 20 | L25: 0.04 | M25: 0.35 | N25: Chico (35990024)
A26: 30 | B26: 12812 | C26: 19-11-2025 | D26: 0.33917824 | E26: 1-hexanol_pure | F26: valid | G26: 0.81174 | H26: 29.97 | I26: 3.881 | J26: 4.781 | K26: 30 | L26: 0 | M26: 0.84 | N26: Chico (35990024)
A27: 40 | B27: 12813 | C27: 19-11-2025 | D27: 0.34605324 | E27: 1-hexanol_pure | F27: valid | G27: 0.80455 | H27: 39.97 | I27: 2.919 | J27: 3.628 | K27: 40 | L27: 0.03 | M27: 0.86 | N27: Chico (35990024)
A28: 50 | B28: 12814 | C28: 19-11-2025 | D28: 0.35605324 | E28: 1-hexanol_pure | F28: valid | G28: 0.79722 | H28: 49.98 | I28: 2.24 | J28: 2.809 | K28: 50 | L28: 0.04 | M28: 0.65 | N28: Chico (35990024)
A29: 60 | B29: 12815 | C29: 19-11-2025 | D29: 0.36689815 | E29: 1-hexanol_pure | F29: valid | G29: 0.78971 | H29: 59.98 | I29: 1.75 | J29: 2.216 | K29: 60 | L29: 0.04 | M29: 0.76 | N29: Chico (35990024)
A31: 1-octanol
A32: // DATOS DE DENSIDAD Y VISCOSIDAD IMPORTADOS
B33: Lovis / DMA
A34: temperature_c | B34: Unique Sample Id | C34: Date | D34: Time | E34: Sample Name | F34: Master Condition | G34: Density | H34: Density Temperature | I34: Lovis Dyn. Viscosity | J34: Lovis Kin. Viscosity | K34: Lovis Temperature | L34: Lovis Variation Coefficient | M34: Lovis Fw/Bw Deviation | N34: Lovis Current Capillary
A35: 20 | B35: 12467 | C35: 45909 | D35: 0.51502315 | E35: 1 octanol | F35: valid | G35: 0.82518 | H35: 20.01 | I35: 8.801 | J35: 10.67 | K35: 20 | L35: 0.21 | M35: 0.36 | N35: Chico (35990024)
A36: 30 | B36: 12468 | C36: 45909 | D36: 0.5244213 | E36: 1 octanol | F36: valid | G36: 0.81835 | H36: 29.98 | I36: 6.146 | J36: 7.51 | K36: 30 | L36: 0.34 | M36: 0.39 | N36: Chico (35990024)
A37: 40 | B37: 12469 | C37: 45909 | D37: 0.53439815 | E37: 1 octanol | F37: valid | G37: 0.81141 | H37: 39.98 | I37: 4.454 | J37: 5.49 | K37: 40 | L37: 0.21 | M37: 0.46 | N37: Chico (35990024)
A38: 50 | B38: 12472 | C38: 45909 | D38: 0.5875 | E38: 1 octanol 50 C | F38: valid | G38: 0.80433 | H38: 50.02 | I38: 3.292 | J38: 4.093 | K38: 50 | L38: 0.05 | M38: 1.5 | N38: Chico (35990024)
A39: 60 | B39: 12471 | C39: 45909 | D39: 0.55631944 | E39: 1 octanol | F39: valid | G39: 0.79719 | H39: 59.98 | I39: 2.511 | J39: 3.149 | K39: 60 | L39: 0.05 | M39: 0.19 | N39: Chico (35990024)
A41: MIBK
A42: // DATOS DE DENSIDAD Y VISCOSIDAD IMPORTADOS
B43: Lovis / DMA
A44: temperature_c | B44: Unique Sample Id | C44: Date | D44: Time | E44: Sample Name | F44: Master Condition | G44: Density | H44: Density Temperature | I44: Lovis Dyn. Viscosity | J44: Lovis Kin. Viscosity | K44: Lovis Temperature | L44: Lovis Variation Coefficient | M44: Lovis Fw/Bw Deviation | N44: Lovis Current Capillary
A45: 20 | B45: 12340 | C45: 45897.734 | D45: 45897.734 | E45: MIBK_puro | F45: valid | G45: 0.80143 | H45: 20.01 | I45: 0.58507 | J45: 0.73003 | K45: 20 | L45: 0.0588 | M45: 3.5591 | N45: Chico (35990024)
A46: 30 | B46: 12341 | C46: 45897.74 | D46: 45897.74 | E46: MIBK_puro | F46: valid | G46: 0.79234 | H46: 29.97 | I46: 0.5218 | J46: 0.65855 | K46: 30 | L46: 0.1011 | M46: 3.5944 | N46: Chico (35990024)
A47: 40 | B47: 12342 | C47: 45897.748 | D47: 45897.748 | E47: MIBK_puro | F47: valid | G47: 0.78314 | H47: 39.97 | I47: 0.46729 | J47: 0.59669 | K47: 40 | L47: 0.081 | M47: 3.1812 | N47: Chico (35990024)
A48: 50 | B48: 12343 | C48: 45897.758 | D48: 45897.758 | E48: MIBK_puro | F48: valid | G48: 0.77383 | H48: 49.98 | I48: 0.42305 | J48: 0.5467 | K48: 50 | L48: 0.1361 | M48: 3.445 | N48: Chico (35990024)
A49: 60 | B49: 12344 | C49: 45897.768 | D49: 45897.768 | E49: MIBK_puro | F49: valid | G49: 0.76444 | H49: 59.98 | I49: 0.38771 | J49: 0.50718 | K49: 60 | L49: 0.3777 | M49: 4.0593 | N49: Chico (35990024)
A51: 2-octanone
A52: // DATOS DE DENSIDAD Y VISCOSIDAD IMPORTADOS
B53: Lovis / DMA
A54: temperature_c | B54: Unique Sample Id | C54: Date | D54: Time | E54: Sample Name | F54: Master Condition | G54: Density | H54: Density Temperature | I54: Lovis Dyn. Viscosity | J54: Lovis Kin. Viscosity | K54: Lovis Temperature | L54: Lovis Variation Coefficient | M54: Lovis Fw/Bw Deviation | N54: Lovis Current Capillary
A55: 20 | B55: 12804 | C55: 18-11-2025 | D55: 0.84331019 | E55: 2-octanone_pure | F55: valid | G55: 0.81906 | H55: 20.03 | I55: 1.01 | J55: 1.234 | K55: 20 | L55: 0 | M55: 0.37 | N55: Chico (35990024)
A56: 30 | B56: 12805 | C56: 18-11-2025 | D56: 0.84760417 | E56: 2-octanone_pure | F56: valid | G56: 0.81089 | H56: 29.98 | I56: 0.869 | J56: 1.072 | K56: 30 | L56: 0.01 | M56: 1.2 | N56: Chico (35990024)
A57: 40 | B57: 12806 | C57: 18-11-2025 | D57: 0.85240741 | E57: 2-octanone_pure | F57: valid | G57: 0.80264 | H57: 39.98 | I57: 0.758 | J57: 0.945 | K57: 40 | L57: 0.08 | M57: 1.57 | N57: Chico (35990024)
A58: 50 | B58: 12807 | C58: 18-11-2025 | D58: 0.85865741 | E58: 2-octanone_pure | F58: valid | G58: 0.79435 | H58: 49.97 | I58: 0.668 | J58: 0.841 | K58: 50 | L58: 0.01 | M58: 1.94 | N58: Chico (35990024)
A59: 60 | B59: 12808 | C59: 18-11-2025 | D59: 0.86893519 | E59: 2-octanone_pure | F59: valid | G59: 0.78598 | H59: 59.98 | I59: 0.595 | J59: 0.757 | K59: 60 | L59: 0.02 | M59: 2.5 | N59: Chico (35990024)
A61: betaionone (trans)
A62: // DATOS DE DENSIDAD Y VISCOSIDAD IMPORTADOS
B63: Lovis / DMA
A64: temperature_c | B64: Unique Sample Id | C64: Date | D64: Time | E64: Sample Name | F64: Master Condition | G64: Density | H64: Density Temperature | I64: Lovis Dyn. Viscosity | J64: Lovis Kin. Viscosity | K64: Lovis Temperature | L64: Lovis Variation Coefficient | M64: Lovis Fw/Bw Deviation
A65: 20 | B65: 12585 | C65: 23-10-2025 | D65: 0.84726852 | E65: betaionone_pure_SHBL2869 | F65: valid | G65: 0.94498 | H65: 20.02 | I65: 11.31 | J65: 11.97 | K65: 20 | L65: 0.14 | M65: 0.27 | N65: Chico (35990024)
A66: 30 | B66: 12586 | C66: 23-10-2025 | D66: 0.85569444 | E66: betaionone_pure_SHBL2869 | F66: valid | G66: 0.93726 | H66: 29.97 | I66: 7.323 | J66: 7.813 | K66: 30 | L66: 0.02 | M66: 0.59 | N66: Chico (35990024)
A67: 40 | B67: 12587 | C67: 23-10-2025 | D67: 0.86253472 | E67: betaionone_pure_SHBL2869 | F67: valid | G67: 0.9295 | H67: 39.97 | I67: 5.121 | J67: 5.509 | K67: 40 | L67: 0.04 | M67: 0.69 | N67: Chico (35990024)
A68: 50 | B68: 12588 | C68: 23-10-2025 | D68: 0.87228009 | E68: betaionone_pure_SHBL2869 | F68: valid | G68: 0.92172 | H68: 49.98 | I68: 3.792 | J68: 4.114 | K68: 50 | L68: 0.1 | M68: 0.89 | N68: Chico (35990024)
A69: 60 | B69: 12589 | C69: 23-10-2025 | D69: 0.88289352 | E69: betaionone_pure_SHBL2869 | F69: valid | G69: 0.91396 | H69: 59.98 | I69: 2.938 | J69: 3.214 | K69: 60 | L69: 0.39 | M69: 0.92 | N69: Chico (35990024)
A71: 2-phenylethanol
A72: // DATOS DE DENSIDAD Y VISCOSIDAD IMPORTADOS
B73: Lovis / DMA
A74: temperature_c | B74: Unique Sample Id | C74: Date | D74: Time | E74: Sample Name | F74: Master Condition | G74: Density | H74: Density Temperature | I74: Lovis Dyn. Viscosity | J74: Lovis Kin. Viscosity | K74: Lovis Temperature | L74: Lovis Variation Coefficient | M74: Lovis Fw/Bw Deviation
A75: 20 | B75: 12579 | C75: 23-10-2025 | D75: 0.7824537 | E75: 2-phenylethanol_pure_SDBB2371 | F75: valid | G75: 1.01985 | H75: 20.03 | I75: 14.04 | J75: 13.77 | K75: 20 | L75: 0.28 | M75: 0.18 | N75: Chico (35990024)
A76: 30 | B76: 12580 | C76: 23-10-2025 | D76: 0.79278935 | E76: 2-phenylethanol_pure_SDBB2371 | F76: valid | G76: 1.01244 | H76: 29.97 | I76: 8.973 | J76: 8.863 | K76: 30 | L76: 0.02 | M76: 0.4 | N76: Chico (35990024)
A77: 40 | B77: 12581 | C77: 23-10-2025 | D77: 0.80039352 | E77: 2-phenylethanol_pure_SDBB2371 | F77: valid | G77: 1.00494 | H77: 39.97 | I77: 6.102 | J77: 6.072 | K77: 40 | L77: 0.02 | M77: 0.63 | N77: Chico (35990024)
A78: 50 | B78: 12582 | C78: 23-10-2025 | D78: 0.81048611 | E78: 2-phenylethanol_pure_SDBB2371 | F78: valid | G78: 0.99736 | H78: 49.98 | I78: 4.368 | J78: 4.379 | K78: 50 | L78: 0.11 | M78: 0.91 | N78: Chico (35990024)
A79: 60 | B79: 12583 | C79: 23-10-2025 | D79: 0.82138889 | E79: 2-phenylethanol_pure_SDBB2371 | F79: valid | G79: 0.9897 | H79: 59.98 | I79: 3.252 | J79: 3.286 | K79: 60 | L79: 0.01 | M79: 1.15 | N79: Chico (35990024)
A81: gamma decalactone
A82: // DATOS DE DENSIDAD Y VISCOSIDAD IMPORTADOS
B83: Lovis / DMA
A84: temperature_c | B84: Unique Sample Id | C84: Date | D84: Time | E84: Sample Name | F84: Master Condition | G84: Density | H84: Density Temperature | I84: Lovis Dyn. Viscosity | J84: Lovis Kin. Viscosity | K84: Lovis Temperature | L84: Lovis Variation Coefficient | M84: Lovis Fw/Bw Deviation
A85: 20 | B85: 12610 | C85: 27-10-2025 | D85: 0.77299769 | E85: gammadecalactone_pure_SHBR4960 | F85: valid | G85: 0.95292 | H85: 20.05 | I85: 6.574 | J85: 6.898 | K85: 20 | L85: 0.01 | M85: 0.42 | N85: Chico (35990024)
A86: 30 | B86: 12611 | C86: 27-10-2025 | D86: 0.77956019 | E86: gammadecalactone_pure_SHBR4960 | F86: valid | G86: 0.94536 | H86: 29.97 | I86: 4.821 | J86: 5.099 | K86: 30 | L86: 0.02 | M86: 0.75 | N86: Chico (35990024)
A87: 40 | B87: 12612 | C87: 27-10-2025 | D87: 0.7853125 | E87: gammadecalactone_pure_SHBR4960 | F87: valid | G87: 0.93774 | H87: 39.97 | I87: 3.691 | J87: 3.936 | K87: 40 | L87: 0.14 | M87: 0.55 | N87: Chico (35990024)
A88: 50 | B88: 12613 | C88: 27-10-2025 | D88: 0.79363426 | E88: gammadecalactone_pure_SHBR4960 | F88: valid | G88: 0.93013 | H88: 49.97 | I88: 2.914 | J88: 3.133 | K88: 50 | L88: 0.07 | M88: 0.97 | N88: Chico (35990024)
A89: 60 | B89: 12614 | C89: 27-10-2025 | D89: 0.80412037 | E89: gammadecalactone_pure_SHBR4960 | F89: valid | G89: 0.9225 | H89: 59.98 | I89: 2.362 | J89: 2.56 | K89: 60 | L89: 0.02 | M89: 0.77 | N89: Chico (35990024)

Sheet dens_visc_beta+2m3b2oh
C1: MM / g/mol | E1: FECHA
A2: beta | B2: 1 | C2: 192.3 | E2: 19/11/2025
A3: 2m3b2oh | B3: 2 | C3: 86.13
E6: Actual
A7: Total Mass (g) | B7: Mass betaionone (trans) / g | C7: Mass 2-methyl-3-buten-2-ol /g | D7: Mole fraction betaionone (trans) | E7: Mass betaionone (tra... (g) | F7: Mass 2-methyl-3-bute... (g) | G7: Mole Fraction betaionone (tra...
A8: 5 | B8: =IF(D8=0, 0, IF(D8=1, A8, (D8*A8*$C$2)/($C$3*(1-D8)+$C$2*D8))) -> 0 | C8: =A8-B8 -> 5 | D8: 0 | E8: 0 | F8: 1 | G8: =IF(AND(E8=0,F8>0),0,"") -> 0
A9: 5 | B9: =IF(D9=0, 0, IF(D9=1, A9, (D9*A9*$C$2)/($C$3*(1-D9)+$C$2*D9))) -> 0.99382927 | C9: =A9-B9 -> 4.0061707 | D9: 0.1 | E9: 1.0138 | F9: 4.0303 | G9: =IFERROR((E9*purity_beta/MW_beta)/((E9*purity_beta/MW_beta)+(F9*purity_2m3b2oh/MW_2m3b2oh)),"") -> 0.099609445
A10: 5 | B10: =IF(D10=0, 0, IF(D10=1, A10, (D10*A10*$C$2)/($C$3*(1-D10)+$C$2*D10))) -> 1.7911032 | C10: =A10-B10 -> 3.2088968 | D10: 0.2 | E10: 1.7936 | F10: 3.2096 | G10: =IFERROR((E10*purity_beta/MW_beta)/((E10*purity_beta/MW_beta)+(F10*purity_2m3b2oh/MW_2m3b2oh)),"") -> 0.19728379
A11: 5 | B11: =IF(D11=0, 0, IF(D11=1, A11, (D11*A11*$C$2)/($C$3*(1-D11)+$C$2*D11))) -> 2.4448852 | C11: =A11-B11 -> 2.5551148 | D11: 0.3 | E11: 2.4454 | F11: 2.5574 | G11: =IFERROR((E11*purity_beta/MW_beta)/((E11*purity_beta/MW_beta)+(F11*purity_2m3b2oh/MW_2m3b2oh)),"") -> 0.29604169
A12: 5 | B12: =IF(D12=0, 0, IF(D12=1, A12, (D12*A12*$C$2)/($C$3*(1-D12)+$C$2*D12))) -> 2.9907153 | C12: =A12-B12 -> 2.0092847 | D12: 0.4 | E12: 3.0027 | F12: 2.0107 | G12: =IFERROR((E12*purity_beta/MW_beta)/((E12*purity_beta/MW_beta)+(F12*purity_2m3b2oh/MW_2m3b2oh)),"") -> 0.39641924
A13: 5 | B13: =IF(D13=0, 0, IF(D13=1, A13, (D13*A13*$C$2)/($C$3*(1-D13)+$C$2*D13))) -> 3.4532917 | C13: =A13-B13 -> 1.5467083 | D13: 0.5 | E13: 3.46 | F13: 1.5684 | G13: =IFERROR((E13*purity_beta/MW_beta)/((E13*purity_beta/MW_beta)+(F13*purity_2m3b2oh/MW_2m3b2oh)),"") -> 0.49244461
A14: 5 | B14: =IF(D14=0, 0, IF(D14=1, A14, (D14*A14*$C$2)/($C$3*(1-D14)+$C$2*D14))) -> 3.8503123 | C14: =A14-B14 -> 1.1496877 | D14: 0.6 | E14: 3.8569 | F14: 1.1532 | G14: =IFERROR((E14*purity_beta/MW_beta)/((E14*purity_beta/MW_beta)+(F14*purity_2m3b2oh/MW_2m3b2oh)),"") -> 0.59529209
A15: 5 | B15: =IF(D15=0, 0, IF(D15=1, A15, (D15*A15*$C$2)/($C$3*(1-D15)+$C$2*D15))) -> 4.1947909 | C15: =A15-B15 -> 0.80520913 | D15: 0.7 | E15: 4.1996 | F15: 0.8142 | G15: =IFERROR((E15*purity_beta/MW_beta)/((E15*purity_beta/MW_beta)+(F15*purity_2m3b2oh/MW_2m3b2oh)),"") -> 0.6940457
A16: 5 | B16: =IF(D16=0, 0, IF(D16=1, A16, (D16*A16*$C$2)/($C$3*(1-D16)+$C$2*D16))) -> 4.4965101 | C16: =A16-B16 -> 0.50348988 | D16: 0.8 | E16: 4.5017 | F16: 0.5032 | G16: =IFERROR((E16*purity_beta/MW_beta)/((E16*purity_beta/MW_beta)+(F16*purity_2m3b2oh/MW_2m3b2oh)),"") -> 0.79734561
A17: 5 | B17: =IF(D17=0, 0, IF(D17=1, A17, (D17*A17*$C$2)/($C$3*(1-D17)+$C$2*D17))) -> 4.7629663 | C17: =A17-B17 -> 0.23703373 | D17: 0.9 | E17: 4.7623 | F17: 0.24 | G17: =IFERROR((E17*purity_beta/MW_beta)/((E17*purity_beta/MW_beta)+(F17*purity_2m3b2oh/MW_2m3b2oh)),"") -> 0.89719236
A18: 5 | B18: =IF(D18=0, 0, IF(D18=1, A18, (D18*A18*$C$2)/($C$3*(1-D18)+$C$2*D18))) -> 5 | C18: =A18-B18 -> 0 | D18: 1 | E18: 5 | F18: 0 | G18: =IF(AND(E18>0,F18=0),1,IFERROR((E18/MW_beta)/((E18/MW_beta)+(F18/MW_2m3b2oh)),"")) -> 1
B21: Densidad | G21: Volumen de Exceso
A22: x1 | B22: 20 | C22: 30 | D22: 40 | E22: 50 | F22: 60 | G22: 20 | H22: 30 | I22: 40 | J22: 50 | K22: 60
A23: =G8 -> 0 | B23: =densidad_viscosidad_puros!G5 -> 0.82388 | C23: =densidad_viscosidad_puros!G6 -> 0.81447 | D23: =densidad_viscosidad_puros!G7 -> 0.8047 | E23: =densidad_viscosidad_puros!G8 -> 0.79458 | F23: =densidad_viscosidad_puros!G9 -> 0.7841 | G23: =IFERROR((($A23*MW_beta)+((1-$A23)*MW_2m3b2oh))/B23-(($A23*MW_beta/B$33)+((1-$A23)*MW_2m3b2oh/B$23)),"") -> 0 | H23: =IFERROR((($A23*MW_beta)+((1-$A23)*MW_2m3b2oh))/C23-(($A23*MW_beta/C$33)+((1-$A23)*MW_2m3b2oh/C$23)),"") -> 0 | I23: =IFERROR((($A23*MW_beta)+((1-$A23)*MW_2m3b2oh))/D23-(($A23*MW_beta/D$33)+((1-$A23)*MW_2m3b2oh/D$23)),"") -> 0 | J23: =IFERROR((($A23*MW_beta)+((1-$A23)*MW_2m3b2oh))/E23-(($A23*MW_beta/E$33)+((1-$A23)*MW_2m3b2oh/E$23)),"") -> 0 | K23: =IFERROR((($A23*MW_beta)+((1-$A23)*MW_2m3b2oh))/F23-(($A23*MW_beta/F$33)+((1-$A23)*MW_2m3b2oh/F$23)),"") -> 0
A24: =G9 -> 0.099609445 | B24: 0.84735 | C24: 0.83789 | D24: 0.8284 | E24: 0.81866 | F24: 0.80867 | G24: =IFERROR((($A24*MW_beta)+((1-$A24)*MW_2m3b2oh))/B24-(($A24*MW_beta/B$33)+((1-$A24)*MW_2m3b2oh/B$23)),"") -> -0.27169592 | H24: =IFERROR((($A24*MW_beta)+((1-$A24)*MW_2m3b2oh))/C24-(($A24*MW_beta/C$33)+((1-$A24)*MW_2m3b2oh/C$23)),"") -> -0.23764907 | I24: =IFERROR((($A24*MW_beta)+((1-$A24)*MW_2m3b2oh))/D24-(($A24*MW_beta/D$33)+((1-$A24)*MW_2m3b2oh/D$23)),"") -> -0.24212496 | J24: =IFERROR((($A24*MW_beta)+((1-$A24)*MW_2m3b2oh))/E24-(($A24*MW_beta/E$33)+((1-$A24)*MW_2m3b2oh/E$23)),"") -> -0.2546065 | K24: =IFERROR((($A24*MW_beta)+((1-$A24)*MW_2m3b2oh))/F24-(($A24*MW_beta/F$33)+((1-$A24)*MW_2m3b2oh/F$23)),"") -> -0.27624335
A25: =G10 -> 0.19728379 | B25: 0.86523 | C25: 0.85629 | D25: 0.84711 | E25: 0.83774 | F25: 0.82815 | G25: =IFERROR((($A25*MW_beta)+((1-$A25)*MW_2m3b2oh))/B25-(($A25*MW_beta/B$33)+((1-$A25)*MW_2m3b2oh/B$23)),"") -> -0.31009368 | H25: =IFERROR((($A25*MW_beta)+((1-$A25)*MW_2m3b2oh))/C25-(($A25*MW_beta/C$33)+((1-$A25)*MW_2m3b2oh/C$23)),"") -> -0.31827546 | I25: =IFERROR((($A25*MW_beta)+((1-$A25)*MW_2m3b2oh))/D25-(($A25*MW_beta/D$33)+((1-$A25)*MW_2m3b2oh/D$23)),"") -> -0.33172661 | J25: =IFERROR((($A25*MW_beta)+((1-$A25)*MW_2m3b2oh))/E25-(($A25*MW_beta/E$33)+((1-$A25)*MW_2m3b2oh/E$23)),"") -> -0.35673114 | K25: =IFERROR((($A25*MW_beta)+((1-$A25)*MW_2m3b2oh))/F25-(($A25*MW_beta/F$33)+((1-$A25)*MW_2m3b2oh/F$23)),"") -> -0.38906901
A26: =G11 -> 0.29604169 | B26: 0.88031 | C26: 0.87163 | D26: 0.86274 | E26: 0.8537 | F26: 0.84448 | G26: =IFERROR((($A26*MW_beta)+((1-$A26)*MW_2m3b2oh))/B26-(($A26*MW_beta/B$33)+((1-$A26)*MW_2m3b2oh/B$23)),"") -> -0.29185239 | H26: =IFERROR((($A26*MW_beta)+((1-$A26)*MW_2m3b2oh))/C26-(($A26*MW_beta/C$33)+((1-$A26)*MW_2m3b2oh/C$23)),"") -> -0.30843872 | I26: =IFERROR((($A26*MW_beta)+((1-$A26)*MW_2m3b2oh))/D26-(($A26*MW_beta/D$33)+((1-$A26)*MW_2m3b2oh/D$23)),"") -> -0.3295592 | J26: =IFERROR((($A26*MW_beta)+((1-$A26)*MW_2m3b2oh))/E26-(($A26*MW_beta/E$33)+((1-$A26)*MW_2m3b2oh/E$23)),"") -> -0.36324014 | K26: =IFERROR((($A26*MW_beta)+((1-$A26)*MW_2m3b2oh))/F26-(($A26*MW_beta/F$33)+((1-$A26)*MW_2m3b2oh/F$23)),"") -> -0.40405348
A27: =G12 -> 0.39641924 | B27: 0.89316 | C27: 0.8848 | D27: 0.87617 | E27: 0.86742 | F27: 0.85853 | G27: =IFERROR((($A27*MW_beta)+((1-$A27)*MW_2m3b2oh))/B27-(($A27*MW_beta/B$33)+((1-$A27)*MW_2m3b2oh/B$23)),"") -> -0.2140936 | H27: =IFERROR((($A27*MW_beta)+((1-$A27)*MW_2m3b2oh))/C27-(($A27*MW_beta/C$33)+((1-$A27)*MW_2m3b2oh/C$23)),"") -> -0.25119815 | I27: =IFERROR((($A27*MW_beta)+((1-$A27)*MW_2m3b2oh))/D27-(($A27*MW_beta/D$33)+((1-$A27)*MW_2m3b2oh/D$23)),"") -> -0.27784243 | J27: =IFERROR((($A27*MW_beta)+((1-$A27)*MW_2m3b2oh))/E27-(($A27*MW_beta/E$33)+((1-$A27)*MW_2m3b2oh/E$23)),"") -> -0.31672659 | K27: =IFERROR((($A27*MW_beta)+((1-$A27)*MW_2m3b2oh))/F27-(($A27*MW_beta/F$33)+((1-$A27)*MW_2m3b2oh/F$23)),"") -> -0.36279228
A28: =G13 -> 0.49244461 | B28: 0.90411 | C28: 0.89579 | D28: 0.88735 | E28: 0.87883 | F28: 0.8702 | G28: =IFERROR((($A28*MW_beta)+((1-$A28)*MW_2m3b2oh))/B28-(($A28*MW_beta/B$33)+((1-$A28)*MW_2m3b2oh/B$23)),"") -> -0.17858269 | H28: =IFERROR((($A28*MW_beta)+((1-$A28)*MW_2m3b2oh))/C28-(($A28*MW_beta/C$33)+((1-$A28)*MW_2m3b2oh/C$23)),"") -> -0.19512472 | I28: =IFERROR((($A28*MW_beta)+((1-$A28)*MW_2m3b2oh))/D28-(($A28*MW_beta/D$33)+((1-$A28)*MW_2m3b2oh/D$23)),"") -> -0.22063289 | J28: =IFERROR((($A28*MW_beta)+((1-$A28)*MW_2m3b2oh))/E28-(($A28*MW_beta/E$33)+((1-$A28)*MW_2m3b2oh/E$23)),"") -> -0.26025369 | K28: =IFERROR((($A28*MW_beta)+((1-$A28)*MW_2m3b2oh))/F28-(($A28*MW_beta/F$33)+((1-$A28)*MW_2m3b2oh/F$23)),"") -> -0.3059736
A29: =G14 -> 0.59529209 | B29: 0.91437 | C29: 0.90623 | D29: 0.89798 | E29: 0.88967 | F29: 0.88128 | G29: =IFERROR((($A29*MW_beta)+((1-$A29)*MW_2m3b2oh))/B29-(($A29*MW_beta/B$33)+((1-$A29)*MW_2m3b2oh/B$23)),"") -> -0.13172741 | H29: =IFERROR((($A29*MW_beta)+((1-$A29)*MW_2m3b2oh))/C29-(($A29*MW_beta/C$33)+((1-$A29)*MW_2m3b2oh/C$23)),"") -> -0.15138912 | I29: =IFERROR((($A29*MW_beta)+((1-$A29)*MW_2m3b2oh))/D29-(($A29*MW_beta/D$33)+((1-$A29)*MW_2m3b2oh/D$23)),"") -> -0.17676126 | J29: =IFERROR((($A29*MW_beta)+((1-$A29)*MW_2m3b2oh))/E29-(($A29*MW_beta/E$33)+((1-$A29)*MW_2m3b2oh/E$23)),"") -> -0.21469013 | K29: =IFERROR((($A29*MW_beta)+((1-$A29)*MW_2m3b2oh))/F29-(($A29*MW_beta/F$33)+((1-$A29)*MW_2m3b2oh/F$23)),"") -> -0.25754039
A30: =G15 -> 0.6940457 | B30: 0.92296 | C30: 0.91494 | D30: 0.90684 | E30: 0.89866 | F30: 0.89054 | G30: =IFERROR((($A30*MW_beta)+((1-$A30)*MW_2m3b2oh))/B30-(($A30*MW_beta/B$33)+((1-$A30)*MW_2m3b2oh/B$23)),"") -> -0.063997305 | H30: =IFERROR((($A30*MW_beta)+((1-$A30)*MW_2m3b2oh))/C30-(($A30*MW_beta/C$33)+((1-$A30)*MW_2m3b2oh/C$23)),"") -> -0.079040884 | I30: =IFERROR((($A30*MW_beta)+((1-$A30)*MW_2m3b2oh))/D30-(($A30*MW_beta/D$33)+((1-$A30)*MW_2m3b2oh/D$23)),"") -> -0.10047876 | J30: =IFERROR((($A30*MW_beta)+((1-$A30)*MW_2m3b2oh))/E30-(($A30*MW_beta/E$33)+((1-$A30)*MW_2m3b2oh/E$23)),"") -> -0.12538029 | K30: =IFERROR((($A30*MW_beta)+((1-$A30)*MW_2m3b2oh))/F30-(($A30*MW_beta/F$33)+((1-$A30)*MW_2m3b2oh/F$23)),"") -> -0.1765248
A31: =G16 -> 0.79734561 | B31: 0.93115 | C31: 0.92328 | D31: 0.91532 | E31: 0.90733 | F31: 0.8993 | G31: =IFERROR((($A31*MW_beta)+((1-$A31)*MW_2m3b2oh))/B31-(($A31*MW_beta/B$33)+((1-$A31)*MW_2m3b2oh/B$23)),"") -> -0.030710249 | H31: =IFERROR((($A31*MW_beta)+((1-$A31)*MW_2m3b2oh))/C31-(($A31*MW_beta/C$33)+((1-$A31)*MW_2m3b2oh/C$23)),"") -> -0.048558676 | I31: =IFERROR((($A31*MW_beta)+((1-$A31)*MW_2m3b2oh))/D31-(($A31*MW_beta/D$33)+((1-$A31)*MW_2m3b2oh/D$23)),"") -> -0.065900426 | J31: =IFERROR((($A31*MW_beta)+((1-$A31)*MW_2m3b2oh))/E31-(($A31*MW_beta/E$33)+((1-$A31)*MW_2m3b2oh/E$23)),"") -> -0.091468531 | K31: =IFERROR((($A31*MW_beta)+((1-$A31)*MW_2m3b2oh))/F31-(($A31*MW_beta/F$33)+((1-$A31)*MW_2m3b2oh/F$23)),"") -> -0.11677294
A32: =G17 -> 0.89719236 | B32: 0.93847 | C32: 0.93065 | D32: 0.92277 | E32: 0.91489 | F32: 0.90704 | G32: =IFERROR((($A32*MW_beta)+((1-$A32)*MW_2m3b2oh))/B32-(($A32*MW_beta/B$33)+((1-$A32)*MW_2m3b2oh/B$23)),"") -> -0.045834283 | H32: =IFERROR((($A32*MW_beta)+((1-$A32)*MW_2m3b2oh))/C32-(($A32*MW_beta/C$33)+((1-$A32)*MW_2m3b2oh/C$23)),"") -> -0.04978414 | I32: =IFERROR((($A32*MW_beta)+((1-$A32)*MW_2m3b2oh))/D32-(($A32*MW_beta/D$33)+((1-$A32)*MW_2m3b2oh/D$23)),"") -> -0.054219614 | J32: =IFERROR((($A32*MW_beta)+((1-$A32)*MW_2m3b2oh))/E32-(($A32*MW_beta/E$33)+((1-$A32)*MW_2m3b2oh/E$23)),"") -> -0.068073522 | K32: =IFERROR((($A32*MW_beta)+((1-$A32)*MW_2m3b2oh))/F32-(($A32*MW_beta/F$33)+((1-$A32)*MW_2m3b2oh/F$23)),"") -> -0.090465546
A33: =G18 -> 1 | B33: =densidad_viscosidad_puros!G65 -> 0.94498 | C33: =densidad_viscosidad_puros!G66 -> 0.93726 | D33: =densidad_viscosidad_puros!G67 -> 0.9295 | E33: =densidad_viscosidad_puros!G68 -> 0.92172 | F33: =densidad_viscosidad_puros!G69 -> 0.91396 | G33: =IFERROR((($A33*MW_beta)+((1-$A33)*MW_2m3b2oh))/B33-(($A33*MW_beta/B$33)+((1-$A33)*MW_2m3b2oh/B$23)),"") -> 0 | H33: =IFERROR((($A33*MW_beta)+((1-$A33)*MW_2m3b2oh))/C33-(($A33*MW_beta/C$33)+((1-$A33)*MW_2m3b2oh/C$23)),"") -> 0 | I33: =IFERROR((($A33*MW_beta)+((1-$A33)*MW_2m3b2oh))/D33-(($A33*MW_beta/D$33)+((1-$A33)*MW_2m3b2oh/D$23)),"") -> 0 | J33: =IFERROR((($A33*MW_beta)+((1-$A33)*MW_2m3b2oh))/E33-(($A33*MW_beta/E$33)+((1-$A33)*MW_2m3b2oh/E$23)),"") -> 0 | K33: =IFERROR((($A33*MW_beta)+((1-$A33)*MW_2m3b2oh))/F33-(($A33*MW_beta/F$33)+((1-$A33)*MW_2m3b2oh/F$23)),"") -> 0
B35: Viscosidad
A36: x1 | B36: 20 | C36: 30 | D36: 40 | E36: 50 | F36: 60
A37: =G8 -> 0 | B37: =densidad_viscosidad_puros!I5 -> 2.353 | C37: =densidad_viscosidad_puros!I6 -> 1.682 | D37: =densidad_viscosidad_puros!I7 -> 1.247 | E37: =densidad_viscosidad_puros!I8 -> 0.964 | F37: =densidad_viscosidad_puros!I9 -> 0.757
A38: =G9 -> 0.099609445 | B38: =H53 -> 2.826 | C38: =H54 -> 2.021 | D38: =H55 -> 1.502 | E38: =H56 -> 1.154 | F38: =H57 -> 0.912
A39: =G10 -> 0.19728379 | B39: 3.278 | C39: 2.35 | D39: 1.753 | E39: 1.352 | F39: 1.073
A40: =G11 -> 0.29604169 | B40: 3.764 | C40: 2.698 | D40: 2.016 | E40: 1.56 | F40: 1.241
A41: =G12 -> 0.39641924 | B41: 4.321 | C41: 3.087 | D41: 2.304 | E41: 1.783 | F41: 1.42
A42: =G13 -> 0.49244461 | B42: 4.948 | C42: 3.51 | D42: 2.61 | E42: 2.016 | F42: 1.605
A43: =G14 -> 0.59529209 | B43: 5.757 | C43: 4.038 | D43: 2.986 | E43: 2.296 | F43: 1.824
A44: =G15 -> 0.6940457 | B44: 6.687 | C44: 4.636 | D44: 3.396 | E44: 2.59 | F44: 2.051
A45: =G16 -> 0.79734561 | B45: 7.915 | C45: 5.372 | D45: 3.883 | E45: 2.945 | F45: 2.317
A46: =G17 -> 0.89719236 | B46: 9.388 | C46: 6.239 | D46: 4.443 | E46: 3.334 | F46: 2.6
A47: =G18 -> 1 | B47: =densidad_viscosidad_puros!I65 -> 11.31 | C47: =densidad_viscosidad_puros!I66 -> 7.323 | D47: =densidad_viscosidad_puros!I67 -> 5.121 | E47: =densidad_viscosidad_puros!I68 -> 3.792 | F47: =densidad_viscosidad_puros!I69 -> 2.938
A49: Lovis / DMA
A50: Unique Sample Id | B50: Date | C50: Time | D50: Sample Name | E50: Master Condition | F50: Density | G50: Density Temperature | H50: Lovis Dyn. Viscosity | I50: Lovis Kin. Viscosity | J50: Lovis Temperature | K50: Lovis Variation Coefficient | L50: Lovis Fw/Bw Deviation | M50: Lovis Current Capillary
D51: - | E51: - | F51: g/cm³ | G51: °C | H51: mPa·s | I51: mm²/s | J51: °C | K51: % | L51: % | M51: -
A52: 12822 | B52: 45980 | C52: 0.78994213 | D52: betaionone+2-methyl-3-buten-2-ol_1 | E52: valid | F52: --- | G52: --- | H52: --- | I52: --- | J52: --- | K52: --- | L52: --- | M52: Chico (35990024)
A53: 12823 | B53: 45980 | C53: 0.76060185 | D53: betaionone+2-methyl-3-buten-2-ol_1 | E53: valid | F53: 0.84735 | G53: 20.14 | H53: 2.826 | I53: 3.335 | J53: 20 | K53: 0.01 | L53: 0.23 | M53: Chico (35990024)
A54: 12824 | B54: 45980 | C54: 0.76561343 | D54: betaionone+2-methyl-3-buten-2-ol_1 | E54: valid | F54: 0.83789 | G54: 29.97 | H54: 2.021 | I54: 2.411 | J54: 30 | K54: 0.03 | L54: 0.56 | M54: Chico (35990024)
A55: 12825 | B55: 45980 | C55: 0.77113426 | D55: betaionone+2-methyl-3-buten-2-ol_1 | E55: valid | F55: 0.8284 | G55: 39.97 | H55: 1.502 | I55: 1.813 | J55: 40 | K55: 0.05 | L55: 0.72 | M55: Chico (35990024)
A56: 12826 | B56: 45980 | C56: 0.77923611 | D56: betaionone+2-methyl-3-buten-2-ol_1 | E56: valid | F56: 0.81866 | G56: 49.97 | H56: 1.154 | I56: 1.41 | J56: 50 | K56: 0.06 | L56: 1.05 | M56: Chico (35990024)
A57: 12827 | B57: 45980 | C57: 0.78990741 | D57: betaionone+2-methyl-3-buten-2-ol_1 | E57: valid | F57: 0.80867 | G57: 59.98 | H57: 0.912 | I57: 1.128 | J57: 60 | K57: 0.03 | L57: 1.23 | M57: Chico (35990024)
A58: 12829 | B58: 45981 | C58: 0.34607639 | D58: betaionone+2-methyl-3-buten-2-ol_2 | E58: Error: No coil reached | F58: 0.86513 | G58: 20.1 | H58: --- | I58: --- | J58: 20 | K58: --- | L58: --- | M58: Chico (35990024)
A59: 12831 | B59: 45981 | C59: 0.34832176 | D59: betaionone+2-methyl-3-buten-2-ol_2 | E59: Error: Ball blocked | F59: 0.86522 | G59: 20 | H59: --- | I59: --- | J59: 20 | K59: --- | L59: --- | M59: Chico (35990024)
A60: 12832 | B60: 45981 | C60: 0.34866898 | D60: betaionone+2-methyl-3-buten-2-ol_2 | E60: canceled | F60: --- | G60: --- | H60: --- | I60: --- | J60: --- | K60: --- | L60: --- | M60: Chico (35990024)
A61: 12833 | B61: 45981 | C61: 0.38600694 | D61: betaionone+2-methyl-3-buten-2-ol_2 | E61: valid | F61: --- | G61: --- | H61: --- | I61: --- | J61: --- | K61: --- | L61: --- | M61: Chico (35990024)
A62: 12834 | B62: 45981 | C62: 0.35325231 | D62: betaionone+2-methyl-3-buten-2-ol_2 | E62: valid | F62: 0.86523 | G62: 20.01 | H62: 3.278 | I62: 3.788 | J62: 20 | K62: 0 | L62: 0.41 | M62: Chico (35990024)
A63: 12835 | B63: 45981 | C63: 0.35909722 | D63: betaionone+2-methyl-3-buten-2-ol_2 | E63: valid | F63: 0.85629 | G63: 29.97 | H63: 2.35 | I63: 2.745 | J63: 30 | K63: 0.04 | L63: 0.69 | M63: Chico (35990024)
A64: 12836 | B64: 45981 | C64: 0.36547454 | D64: betaionone+2-methyl-3-buten-2-ol_2 | E64: valid | F64: 0.84711 | G64: 39.97 | H64: 1.753 | I64: 2.069 | J64: 40 | K64: 0.02 | L64: 0.73 | M64: Chico (35990024)
A65: 12837 | B65: 45981 | C65: 0.37525463 | D65: betaionone+2-methyl-3-buten-2-ol_2 | E65: valid | F65: 0.83774 | G65: 49.98 | H65: 1.352 | I65: 1.614 | J65: 50 | K65: 0 | L65: 0.95 | M65: Chico (35990024)
A66: 12838 | B66: 45981 | C66: 0.38596065 | D66: betaionone+2-methyl-3-buten-2-ol_2 | E66: valid | F66: 0.82815 | G66: 59.98 | H66: 1.073 | I66: 1.296 | J66: 60 | K66: 0.03 | L66: 0.93 | M66: Chico (35990024)
A67: 12839 | B67: 45981 | C67: 0.44158565 | D67: betaionone+2-methyl-3-buten-2-ol_3 | E67: valid | F67: --- | G67: --- | H67: --- | I67: --- | J67: --- | K67: --- | L67: --- | M67: Chico (35990024)
A68: 12840 | B68: 45981 | C68: 0.41510417 | D68: betaionone+2-methyl-3-buten-2-ol_3 | E68: valid | F68: 0.88031 | G68: 20.02 | H68: 3.764 | I68: 4.275 | J68: 20 | K68: 0.07 | L68: 0.25 | M68: Chico (35990024)
A69: 12841 | B69: 45981 | C69: 0.42006944 | D69: betaionone+2-methyl-3-buten-2-ol_3 | E69: valid | F69: 0.87163 | G69: 29.98 | H69: 2.698 | I69: 3.096 | J69: 30 | K69: 0.06 | L69: 0.65 | M69: Chico (35990024)
A70: 12842 | B70: 45981 | C70: 0.42494213 | D70: betaionone+2-methyl-3-buten-2-ol_3 | E70: valid | F70: 0.86274 | G70: 39.98 | H70: 2.016 | I70: 2.337 | J70: 40 | K70: 0.01 | L70: 0.62 | M70: Chico (35990024)
A71: 12843 | B71: 45981 | C71: 0.43114583 | D71: betaionone+2-methyl-3-buten-2-ol_3 | E71: valid | F71: 0.8537 | G71: 49.97 | H71: 1.56 | I71: 1.827 | J71: 50 | K71: 0.02 | L71: 0.69 | M71: Chico (35990024)
A72: 12844 | B72: 45981 | C72: 0.44153935 | D72: betaionone+2-methyl-3-buten-2-ol_3 | E72: valid | F72: 0.84448 | G72: 59.98 | H72: 1.241 | I72: 1.47 | J72: 60 | K72: 0.01 | L72: 0.93 | M72: Chico (35990024)
A73: 12845 | B73: 45981 | C73: 0.51590278 | D73: betaionone+2-methyl-3-buten-2-ol_4 | E73: valid | F73: --- | G73: --- | H73: --- | I73: --- | J73: --- | K73: --- | L73: --- | M73: Chico (35990024)
A74: 12846 | B74: 45981 | C74: 0.48916667 | D74: betaionone+2-methyl-3-buten-2-ol_4 | E74: valid | F74: 0.89316 | G74: 20.09 | H74: 4.321 | I74: 4.838 | J74: 20 | K74: 0.02 | L74: 0.33 | M74: Chico (35990024)
A75: 12847 | B75: 45981 | C75: 0.49443287 | D75: betaionone+2-methyl-3-buten-2-ol_4 | E75: valid | F75: 0.8848 | G75: 29.98 | H75: 3.087 | I75: 3.489 | J75: 30 | K75: 0.02 | L75: 0.51 | M75: Chico (35990024)
A76: 12848 | B76: 45981 | C76: 0.49935185 | D76: betaionone+2-methyl-3-buten-2-ol_4 | E76: valid | F76: 0.87617 | G76: 39.98 | H76: 2.304 | I76: 2.63 | J76: 40 | K76: 0.04 | L76: 0.61 | M76: Chico (35990024)
A77: 12849 | B77: 45981 | C77: 0.50559028 | D77: betaionone+2-methyl-3-buten-2-ol_4 | E77: valid | F77: 0.86742 | G77: 49.97 | H77: 1.783 | I77: 2.055 | J77: 50 | K77: 0.05 | L77: 0.72 | M77: Chico (35990024)
A78: 12850 | B78: 45981 | C78: 0.51586806 | D78: betaionone+2-methyl-3-buten-2-ol_4 | E78: valid | F78: 0.85853 | G78: 59.98 | H78: 1.42 | I78: 1.654 | J78: 60 | K78: 0.01 | L78: 1.01 | M78: Chico (35990024)
A79: 12852 | B79: 45981 | C79: 0.56349537 | D79: betaionone+2-methyl-3-buten-2-ol_5 | E79: Error: Ball blocked | F79: 0.90416 | G79: 20.09 | H79: --- | I79: --- | J79: 20 | K79: --- | L79: --- | M79: Chico (35990024)
A80: 12853 | B80: 45981 | C80: 0.57046296 | D80: betaionone+2-methyl-3-buten-2-ol_5 | E80: Error: Ball blocked | F80: 0.8958 | G80: 29.98 | H80: --- | I80: --- | J80: 30 | K80: --- | L80: --- | M80: Chico (35990024)
A81: 12854 | B81: 45981 | C81: 0.57068287 | D81: betaionone+2-methyl-3-buten-2-ol_5 | E81: canceled | F81: --- | G81: --- | H81: --- | I81: --- | J81: --- | K81: --- | L81: --- | M81: Chico (35990024)
A82: 12855 | B82: 45981 | C82: 0.60391204 | D82: betaionone+2-methyl-3-buten-2-ol_5 | E82: valid | F82: --- | G82: --- | H82: --- | I82: --- | J82: --- | K82: --- | L82: --- | M82: Chico (35990024)
A83: 12856 | B83: 45981 | C83: 0.57686343 | D83: betaionone+2-methyl-3-buten-2-ol_5 | E83: valid | F83: 0.90411 | G83: 20.02 | H83: 4.948 | I83: 5.473 | J83: 20 | K83: 0.05 | L83: 0.58 | M83: Chico (35990024)
A84: 12857 | B84: 45981 | C84: 0.58244213 | D84: betaionone+2-methyl-3-buten-2-ol_5 | E84: valid | F84: 0.89579 | G84: 29.98 | H84: 3.51 | I84: 3.918 | J84: 30 | K84: 0.03 | L84: 0.49 | M84: Chico (35990024)
A85: 12858 | B85: 45981 | C85: 0.58740741 | D85: betaionone+2-methyl-3-buten-2-ol_5 | E85: valid | F85: 0.88735 | G85: 39.98 | H85: 2.61 | I85: 2.942 | J85: 40 | K85: 0.05 | L85: 0.62 | M85: Chico (35990024)
A86: 12859 | B86: 45981 | C86: 0.59359954 | D86: betaionone+2-methyl-3-buten-2-ol_5 | E86: valid | F86: 0.87883 | G86: 49.97 | H86: 2.016 | I86: 2.294 | J86: 50 | K86: 0.06 | L86: 0.73 | M86: Chico (35990024)
A87: 12860 | B87: 45981 | C87: 0.60387731 | D87: betaionone+2-methyl-3-buten-2-ol_5 | E87: valid | F87: 0.8702 | G87: 59.98 | H87: 1.605 | I87: 1.845 | J87: 60 | K87: 0 | L87: 0.92 | M87: Chico (35990024)
A88: 12861 | B88: 45981 | C88: 0.65230324 | D88: betaionone+2-methyl-3-buten-2-ol_6 | E88: valid | F88: --- | G88: --- | H88: --- | I88: --- | J88: --- | K88: --- | L88: --- | M88: Chico (35990024)
A89: 12862 | B89: 45981 | C89: 0.62501157 | D89: betaionone+2-methyl-3-buten-2-ol_6 | E89: valid | F89: 0.91437 | G89: 20.1 | H89: 5.757 | I89: 6.296 | J89: 20 | K89: 0.05 | L89: 0.32 | M89: Chico (35990024)
A90: 12863 | B90: 45981 | C90: 0.6309838 | D90: betaionone+2-methyl-3-buten-2-ol_6 | E90: valid | F90: 0.90623 | G90: 29.98 | H90: 4.038 | I90: 4.456 | J90: 30 | K90: 0.04 | L90: 0.48 | M90: Chico (35990024)
A91: 12864 | B91: 45981 | C91: 0.63622685 | D91: betaionone+2-methyl-3-buten-2-ol_6 | E91: valid | F91: 0.89798 | G91: 39.98 | H91: 2.986 | I91: 3.325 | J91: 40 | K91: 0.02 | L91: 0.64 | M91: Chico (35990024)
A92: 12865 | B92: 45981 | C92: 0.64212963 | D92: betaionone+2-methyl-3-buten-2-ol_6 | E92: valid | F92: 0.88967 | G92: 49.97 | H92: 2.296 | I92: 2.581 | J92: 50 | K92: 0.12 | L92: 0.6 | M92: Chico (35990024)
A93: 12866 | B93: 45981 | C93: 0.65226852 | D93: betaionone+2-methyl-3-buten-2-ol_6 | E93: valid | F93: 0.88128 | G93: 59.98 | H93: 1.824 | I93: 2.069 | J93: 60 | K93: 0.04 | L93: 0.83 | M93: Chico (35990024)
A94: 12868 | B94: 45981 | C94: 0.67251157 | D94: betaionone+2-methyl-3-buten-2-ol_7 | E94: valid | F94: 0.92296 | G94: 20.03 | H94: 6.687 | I94: 7.245 | J94: 20 | K94: 0.11 | L94: 0.14 | M94: Chico (35990024)
A95: 12869 | B95: 45981 | C95: 0.67892361 | D95: betaionone+2-methyl-3-buten-2-ol_7 | E95: valid | F95: 0.91494 | G95: 29.98 | H95: 4.636 | I95: 5.067 | J95: 30 | K95: 0.09 | L95: 0.42 | M95: Chico (35990024)
A96: 12870 | B96: 45981 | C96: 0.68447917 | D96: betaionone+2-methyl-3-buten-2-ol_7 | E96: valid | F96: 0.90684 | G96: 39.98 | H96: 3.396 | I96: 3.745 | J96: 40 | K96: 0.02 | L96: 0.65 | M96: Chico (35990024)
A97: 12871 | B97: 45981 | C97: 0.69363426 | D97: betaionone+2-methyl-3-buten-2-ol_7 | E97: Error: Ball blocked | F97: 0.8987 | G97: 49.97 | H97: 4.311 | I97: 4.797 | J97: 50 | K97: --- | L97: --- | M97: Chico (35990024)
A98: 12872 | B98: 45981 | C98: 0.69796296 | D98: betaionone+2-methyl-3-buten-2-ol_7 | E98: canceled | F98: --- | G98: --- | H98: --- | I98: --- | J98: --- | K98: --- | L98: --- | M98: Chico (35990024)
A99: 12873 | B99: 45981 | C99: 0.71326389 | D99: betaionone+2-methyl-3-buten-2-ol_7 | E99: valid | F99: --- | G99: --- | H99: --- | I99: --- | J99: --- | K99: --- | L99: --- | M99: Chico (35990024)
A100: 12874 | B100: 45981 | C100: 0.70346065 | D100: betaionone+2-methyl-3-buten-2-ol_7 | E100: valid | F100: 0.89866 | G100: 50.02 | H100: 2.59 | I100: 2.882 | J100: 50 | K100: 0.01 | L100: 0.45 | M100: Chico (35990024)
A101: 12875 | B101: 45981 | C101: 0.71322917 | D101: betaionone+2-methyl-3-buten-2-ol_7 | E101: valid | F101: 0.89054 | G101: 59.98 | H101: 2.051 | I101: 2.303 | J101: 60 | K101: 0.05 | L101: 0.91 | M101: Chico (35990024)
A102: 12876 | B102: 45981 | C102: 0.77711806 | D102: betaionone+2-methyl-3-buten-2-ol_8 | E102: valid | F102: --- | G102: --- | H102: --- | I102: --- | J102: --- | K102: --- | L102: --- | M102: Chico (35990024)
A103: 12877 | B103: 45981 | C103: 0.74789352 | D103: betaionone+2-methyl-3-buten-2-ol_8 | E103: valid | F103: 0.93115 | G103: 20.11 | H103: 7.915 | I103: 8.501 | J103: 20 | K103: 0.02 | L103: 0.44 | M103: Chico (35990024)
A104: 12878 | B104: 45981 | C104: 0.75486111 | D104: betaionone+2-methyl-3-buten-2-ol_8 | E104: valid | F104: 0.92328 | G104: 29.98 | H104: 5.372 | I104: 5.819 | J104: 30 | K104: 0.07 | L104: 0.54 | M104: Chico (35990024)
A105: 12879 | B105: 45981 | C105: 0.76077546 | D105: betaionone+2-methyl-3-buten-2-ol_8 | E105: valid | F105: 0.91532 | G105: 39.98 | H105: 3.883 | I105: 4.242 | J105: 40 | K105: 0.03 | L105: 0.55 | M105: Chico (35990024)
A106: 12880 | B106: 45981 | C106: 0.76680556 | D106: betaionone+2-methyl-3-buten-2-ol_8 | E106: valid | F106: 0.90733 | G106: 49.97 | H106: 2.945 | I106: 3.245 | J106: 50 | K106: 0.01 | L106: 0.69 | M106: Chico (35990024)
...

Sheet dens_visc_beta+2m2boh
C1: MM / g/mol
A2: beta | B2: 1 | C2: 192.3
A3: 2m2boh | B3: 2 | C3: 88.15
E6: Actual
A7: Total Mass (g) | B7: Mass betaionone (trans) / g | C7: Mass 2-methyl-2-butanol /g | D7: Mole fraction betaionone (trans) | E7: Mass betaionone (tra... (g) | F7: Mass 2-methyl-2-buta... (g) | G7: Mole Fraction betaionone (tra...
A8: 5 | B8: =IF(D8=0, 0, IF(D8=1, A8, (D8*A8*$C$2)/($C$3*(1-D8)+$C$2*D8))) -> 0 | C8: =A8-B8 -> 5 | D8: 0 | E8: 0 | F8: 1 | G8: =IF(AND(E8=0,F8>0),0,"") -> 0
A9: 5 | B9: =IF(D9=0, 0, IF(D9=1, A9, (D9*A9*$C$2)/($C$3*(1-D9)+$C$2*D9))) -> 0.9754984 | C9: =A9-B9 -> 4.0245016 | D9: 0.1 | G9: =IFERROR((E9*purity_beta/MW_beta)/((E9*purity_beta/MW_beta)+(F9*purity_2m2boh/MW_2m2boh)),"")
A10: 5 | B10: =IF(D10=0, 0, IF(D10=1, A10, (D10*A10*$C$2)/($C$3*(1-D10)+$C$2*D10))) -> 1.764544 | C10: =A10-B10 -> 3.235456 | D10: 0.2 | G10: =IFERROR((E10*purity_beta/MW_beta)/((E10*purity_beta/MW_beta)+(F10*purity_2m2boh/MW_2m2boh)),"")
A11: 5 | B11: =IF(D11=0, 0, IF(D11=1, A11, (D11*A11*$C$2)/($C$3*(1-D11)+$C$2*D11))) -> 2.4159303 | C11: =A11-B11 -> 2.5840697 | D11: 0.3 | G11: =IFERROR((E11*purity_beta/MW_beta)/((E11*purity_beta/MW_beta)+(F11*purity_2m2boh/MW_2m2boh)),"")
A12: 5 | B12: =IF(D12=0, 0, IF(D12=1, A12, (D12*A12*$C$2)/($C$3*(1-D12)+$C$2*D12))) -> 2.9627918 | C12: =A12-B12 -> 2.0372082 | D12: 0.4 | G12: =IFERROR((E12*purity_beta/MW_beta)/((E12*purity_beta/MW_beta)+(F12*purity_2m2boh/MW_2m2boh)),"")
A13: 5 | B13: =IF(D13=0, 0, IF(D13=1, A13, (D13*A13*$C$2)/($C$3*(1-D13)+$C$2*D13))) -> 3.4284186 | C13: =A13-B13 -> 1.5715814 | D13: 0.5 | G13: =IFERROR((E13*purity_beta/MW_beta)/((E13*purity_beta/MW_beta)+(F13*purity_2m2boh/MW_2m2boh)),"")
A14: 5 | B14: =IF(D14=0, 0, IF(D14=1, A14, (D14*A14*$C$2)/($C$3*(1-D14)+$C$2*D14))) -> 3.8296601 | C14: =A14-B14 -> 1.1703399 | D14: 0.6 | G14: =IFERROR((E14*purity_beta/MW_beta)/((E14*purity_beta/MW_beta)+(F14*purity_2m2boh/MW_2m2boh)),"")
A15: 5 | B15: =IF(D15=0, 0, IF(D15=1, A15, (D15*A15*$C$2)/($C$3*(1-D15)+$C$2*D15))) -> 4.1790072 | C15: =A15-B15 -> 0.82099283 | D15: 0.7 | G15: =IFERROR((E15*purity_beta/MW_beta)/((E15*purity_beta/MW_beta)+(F15*purity_2m2boh/MW_2m2boh)),"")
A16: 5 | B16: =IF(D16=0, 0, IF(D16=1, A16, (D16*A16*$C$2)/($C$3*(1-D16)+$C$2*D16))) -> 4.4859159 | C16: =A16-B16 -> 0.5140841 | D16: 0.8 | G16: =IFERROR((E16*purity_beta/MW_beta)/((E16*purity_beta/MW_beta)+(F16*purity_2m2boh/MW_2m2boh)),"")
A17: 5 | B17: =IF(D17=0, 0, IF(D17=1, A17, (D17*A17*$C$2)/($C$3*(1-D17)+$C$2*D17))) -> 4.7576766 | C17: =A17-B17 -> 0.24232345 | D17: 0.9 | G17: =IFERROR((E17*purity_beta/MW_beta)/((E17*purity_beta/MW_beta)+(F17*purity_2m2boh/MW_2m2boh)),"")
A18: 5 | B18: =IF(D18=0, 0, IF(D18=1, A18, (D18*A18*$C$2)/($C$3*(1-D18)+$C$2*D18))) -> 5 | C18: =A18-B18 -> 0 | D18: 1 | E18: 1 | F18: 0 | G18: =IF(AND(E18>0,F18=0),1,IFERROR((E18/MW_beta)/((E18/MW_beta)+(F18/MW_2m2boh)),"")) -> 1
A20: Volumen de exceso
B21: Densidad | G21: Volumen de Exceso
A22: x1 | B22: 20 | C22: 30 | D22: 40 | E22: 50 | F22: 60 | G22: 20 | H22: 30 | I22: 40 | J22: 50 | K22: 60
A23: =G8 -> 0 | B23: =densidad_viscosidad_puros!G15 -> 0.80899 | C23: =densidad_viscosidad_puros!G16 -> 0.79979 | D23: =densidad_viscosidad_puros!G17 -> 0.79035 | E23: =densidad_viscosidad_puros!G18 -> 0.7806 | F23: =densidad_viscosidad_puros!G19 -> 0.77049 | G23: =IFERROR((($A23*MW_beta)+((1-$A23)*MW_2m2boh))/B23-(($A23*MW_beta/B$33)+((1-$A23)*MW_2m2boh/B$23)),"") -> 0 | H23: =IFERROR((($A23*MW_beta)+((1-$A23)*MW_2m2boh))/C23-(($A23*MW_beta/C$33)+((1-$A23)*MW_2m2boh/C$23)),"") -> 0 | I23: =IFERROR((($A23*MW_beta)+((1-$A23)*MW_2m2boh))/D23-(($A23*MW_beta/D$33)+((1-$A23)*MW_2m2boh/D$23)),"") -> 0 | J23: =IFERROR((($A23*MW_beta)+((1-$A23)*MW_2m2boh))/E23-(($A23*MW_beta/E$33)+((1-$A23)*MW_2m2boh/E$23)),"") -> 0 | K23: =IFERROR((($A23*MW_beta)+((1-$A23)*MW_2m2boh))/F23-(($A23*MW_beta/F$33)+((1-$A23)*MW_2m2boh/F$23)),"") -> 0
A24: =G9 | G24: =IFERROR((($A24*MW_beta)+((1-$A24)*MW_2m2boh))/B24-(($A24*MW_beta/B$33)+((1-$A24)*MW_2m2boh/B$23)),"") | H24: =IFERROR((($A24*MW_beta)+((1-$A24)*MW_2m2boh))/C24-(($A24*MW_beta/C$33)+((1-$A24)*MW_2m2boh/C$23)),"") | I24: =IFERROR((($A24*MW_beta)+((1-$A24)*MW_2m2boh))/D24-(($A24*MW_beta/D$33)+((1-$A24)*MW_2m2boh/D$23)),"") | J24: =IFERROR((($A24*MW_beta)+((1-$A24)*MW_2m2boh))/E24-(($A24*MW_beta/E$33)+((1-$A24)*MW_2m2boh/E$23)),"") | K24: =IFERROR((($A24*MW_beta)+((1-$A24)*MW_2m2boh))/F24-(($A24*MW_beta/F$33)+((1-$A24)*MW_2m2boh/F$23)),"")
A25: =G10 | G25: =IFERROR((($A25*MW_beta)+((1-$A25)*MW_2m2boh))/B25-(($A25*MW_beta/B$33)+((1-$A25)*MW_2m2boh/B$23)),"") | H25: =IFERROR((($A25*MW_beta)+((1-$A25)*MW_2m2boh))/C25-(($A25*MW_beta/C$33)+((1-$A25)*MW_2m2boh/C$23)),"") | I25: =IFERROR((($A25*MW_beta)+((1-$A25)*MW_2m2boh))/D25-(($A25*MW_beta/D$33)+((1-$A25)*MW_2m2boh/D$23)),"") | J25: =IFERROR((($A25*MW_beta)+((1-$A25)*MW_2m2boh))/E25-(($A25*MW_beta/E$33)+((1-$A25)*MW_2m2boh/E$23)),"") | K25: =IFERROR((($A25*MW_beta)+((1-$A25)*MW_2m2boh))/F25-(($A25*MW_beta/F$33)+((1-$A25)*MW_2m2boh/F$23)),"")
A26: =G11 | G26: =IFERROR((($A26*MW_beta)+((1-$A26)*MW_2m2boh))/B26-(($A26*MW_beta/B$33)+((1-$A26)*MW_2m2boh/B$23)),"") | H26: =IFERROR((($A26*MW_beta)+((1-$A26)*MW_2m2boh))/C26-(($A26*MW_beta/C$33)+((1-$A26)*MW_2m2boh/C$23)),"") | I26: =IFERROR((($A26*MW_beta)+((1-$A26)*MW_2m2boh))/D26-(($A26*MW_beta/D$33)+((1-$A26)*MW_2m2boh/D$23)),"") | J26: =IFERROR((($A26*MW_beta)+((1-$A26)*MW_2m2boh))/E26-(($A26*MW_beta/E$33)+((1-$A26)*MW_2m2boh/E$23)),"") | K26: =IFERROR((($A26*MW_beta)+((1-$A26)*MW_2m2boh))/F26-(($A26*MW_beta/F$33)+((1-$A26)*MW_2m2boh/F$23)),"")
A27: =G12 | G27: =IFERROR((($A27*MW_beta)+((1-$A27)*MW_2m2boh))/B27-(($A27*MW_beta/B$33)+((1-$A27)*MW_2m2boh/B$23)),"") | H27: =IFERROR((($A27*MW_beta)+((1-$A27)*MW_2m2boh))/C27-(($A27*MW_beta/C$33)+((1-$A27)*MW_2m2boh/C$23)),"") | I27: =IFERROR((($A27*MW_beta)+((1-$A27)*MW_2m2boh))/D27-(($A27*MW_beta/D$33)+((1-$A27)*MW_2m2boh/D$23)),"") | J27: =IFERROR((($A27*MW_beta)+((1-$A27)*MW_2m2boh))/E27-(($A27*MW_beta/E$33)+((1-$A27)*MW_2m2boh/E$23)),"") | K27: =IFERROR((($A27*MW_beta)+((1-$A27)*MW_2m2boh))/F27-(($A27*MW_beta/F$33)+((1-$A27)*MW_2m2boh/F$23)),"")
A28: =G13 | G28: =IFERROR((($A28*MW_beta)+((1-$A28)*MW_2m2boh))/B28-(($A28*MW_beta/B$33)+((1-$A28)*MW_2m2boh/B$23)),"") | H28: =IFERROR((($A28*MW_beta)+((1-$A28)*MW_2m2boh))/C28-(($A28*MW_beta/C$33)+((1-$A28)*MW_2m2boh/C$23)),"") | I28: =IFERROR((($A28*MW_beta)+((1-$A28)*MW_2m2boh))/D28-(($A28*MW_beta/D$33)+((1-$A28)*MW_2m2boh/D$23)),"") | J28: =IFERROR((($A28*MW_beta)+((1-$A28)*MW_2m2boh))/E28-(($A28*MW_beta/E$33)+((1-$A28)*MW_2m2boh/E$23)),"") | K28: =IFERROR((($A28*MW_beta)+((1-$A28)*MW_2m2boh))/F28-(($A28*MW_beta/F$33)+((1-$A28)*MW_2m2boh/F$23)),"")
A29: =G14 | G29: =IFERROR((($A29*MW_beta)+((1-$A29)*MW_2m2boh))/B29-(($A29*MW_beta/B$33)+((1-$A29)*MW_2m2boh/B$23)),"") | H29: =IFERROR((($A29*MW_beta)+((1-$A29)*MW_2m2boh))/C29-(($A29*MW_beta/C$33)+((1-$A29)*MW_2m2boh/C$23)),"") | I29: =IFERROR((($A29*MW_beta)+((1-$A29)*MW_2m2boh))/D29-(($A29*MW_beta/D$33)+((1-$A29)*MW_2m2boh/D$23)),"") | J29: =IFERROR((($A29*MW_beta)+((1-$A29)*MW_2m2boh))/E29-(($A29*MW_beta/E$33)+((1-$A29)*MW_2m2boh/E$23)),"") | K29: =IFERROR((($A29*MW_beta)+((1-$A29)*MW_2m2boh))/F29-(($A29*MW_beta/F$33)+((1-$A29)*MW_2m2boh/F$23)),"")
A30: =G15 | G30: =IFERROR((($A30*MW_beta)+((1-$A30)*MW_2m2boh))/B30-(($A30*MW_beta/B$33)+((1-$A30)*MW_2m2boh/B$23)),"") | H30: =IFERROR((($A30*MW_beta)+((1-$A30)*MW_2m2boh))/C30-(($A30*MW_beta/C$33)+((1-$A30)*MW_2m2boh/C$23)),"") | I30: =IFERROR((($A30*MW_beta)+((1-$A30)*MW_2m2boh))/D30-(($A30*MW_beta/D$33)+((1-$A30)*MW_2m2boh/D$23)),"") | J30: =IFERROR((($A30*MW_beta)+((1-$A30)*MW_2m2boh))/E30-(($A30*MW_beta/E$33)+((1-$A30)*MW_2m2boh/E$23)),"") | K30: =IFERROR((($A30*MW_beta)+((1-$A30)*MW_2m2boh))/F30-(($A30*MW_beta/F$33)+((1-$A30)*MW_2m2boh/F$23)),"")
A31: =G16 | G31: =IFERROR((($A31*MW_beta)+((1-$A31)*MW_2m2boh))/B31-(($A31*MW_beta/B$33)+((1-$A31)*MW_2m2boh/B$23)),"") | H31: =IFERROR((($A31*MW_beta)+((1-$A31)*MW_2m2boh))/C31-(($A31*MW_beta/C$33)+((1-$A31)*MW_2m2boh/C$23)),"") | I31: =IFERROR((($A31*MW_beta)+((1-$A31)*MW_2m2boh))/D31-(($A31*MW_beta/D$33)+((1-$A31)*MW_2m2boh/D$23)),"") | J31: =IFERROR((($A31*MW_beta)+((1-$A31)*MW_2m2boh))/E31-(($A31*MW_beta/E$33)+((1-$A31)*MW_2m2boh/E$23)),"") | K31: =IFERROR((($A31*MW_beta)+((1-$A31)*MW_2m2boh))/F31-(($A31*MW_beta/F$33)+((1-$A31)*MW_2m2boh/F$23)),"")
A32: =G17 | G32: =IFERROR((($A32*MW_beta)+((1-$A32)*MW_2m2boh))/B32-(($A32*MW_beta/B$33)+((1-$A32)*MW_2m2boh/B$23)),"") | H32: =IFERROR((($A32*MW_beta)+((1-$A32)*MW_2m2boh))/C32-(($A32*MW_beta/C$33)+((1-$A32)*MW_2m2boh/C$23)),"") | I32: =IFERROR((($A32*MW_beta)+((1-$A32)*MW_2m2boh))/D32-(($A32*MW_beta/D$33)+((1-$A32)*MW_2m2boh/D$23)),"") | J32: =IFERROR((($A32*MW_beta)+((1-$A32)*MW_2m2boh))/E32-(($A32*MW_beta/E$33)+((1-$A32)*MW_2m2boh/E$23)),"") | K32: =IFERROR((($A32*MW_beta)+((1-$A32)*MW_2m2boh))/F32-(($A32*MW_beta/F$33)+((1-$A32)*MW_2m2boh/F$23)),"")
A33: =G18 -> 1 | B33: =densidad_viscosidad_puros!G65 -> 0.94498 | C33: =densidad_viscosidad_puros!G66 -> 0.93726 | D33: =densidad_viscosidad_puros!G67 -> 0.9295 | E33: =densidad_viscosidad_puros!G68 -> 0.92172 | F33: =densidad_viscosidad_puros!G69 -> 0.91396 | G33: =IFERROR((($A33*MW_beta)+((1-$A33)*MW_2m2boh))/B33-(($A33*MW_beta/B$33)+((1-$A33)*MW_2m2boh/B$23)),"") -> 0 | H33: =IFERROR((($A33*MW_beta)+((1-$A33)*MW_2m2boh))/C33-(($A33*MW_beta/C$33)+((1-$A33)*MW_2m2boh/C$23)),"") -> 0 | I33: =IFERROR((($A33*MW_beta)+((1-$A33)*MW_2m2boh))/D33-(($A33*MW_beta/D$33)+((1-$A33)*MW_2m2boh/D$23)),"") -> 0 | J33: =IFERROR((($A33*MW_beta)+((1-$A33)*MW_2m2boh))/E33-(($A33*MW_beta/E$33)+((1-$A33)*MW_2m2boh/E$23)),"") -> 0 | K33: =IFERROR((($A33*MW_beta)+((1-$A33)*MW_2m2boh))/F33-(($A33*MW_beta/F$33)+((1-$A33)*MW_2m2boh/F$23)),"") -> 0
B35: Viscosidad
A36: x1 | B36: 20 | C36: 30 | D36: 40 | E36: 50 | F36: 60
A37: =G8 -> 0 | B37: =densidad_viscosidad_puros!I15 -> 4.244 | C37: =densidad_viscosidad_puros!I16 -> 2.776 | D37: =densidad_viscosidad_puros!I17 -> 1.918 | E37: =densidad_viscosidad_puros!I18 -> 1.397 | F37: =densidad_viscosidad_puros!I19 -> 1.036
A38: =G9
A39: =G10
A40: =G11
A41: =G12
A42: =G13
A43: =G14
A44: =G15
A45: =G16
A46: =G17
A47: =G18 -> 1 | B47: =densidad_viscosidad_puros!I65 -> 11.31 | C47: =densidad_viscosidad_puros!I66 -> 7.323 | D47: =densidad_viscosidad_puros!I67 -> 5.121 | E47: =densidad_viscosidad_puros!I68 -> 3.792 | F47: =densidad_viscosidad_puros!I69 -> 2.938
B50: BETAIONONE + 2-METHYL-2-BUTANOL | E50: BETA+2M2BOH #
B52: VOLUMENES OBJETIVO | D52: MASAS
A53: # | B53: ml_betaionone | C53: ml_2m2boh | D53: tubo | E53: tubo + beta | F53: tubo + beta + 2m2boh
A54: 1 | B54: =B9/$B$33 -> 1.0322953 | C54: =C9/$B$23 -> 4.9747235
A55: 2 | B55: =B10/$B$33 -> 1.8672818 | C55: =C10/$B$23 -> 3.9993771
A56: 3 | B56: =B11/$B$33 -> 2.5565941 | C56: =C11/$B$23 -> 3.1941924
A57: 4 | B57: =B12/$B$33 -> 3.1352957 | C57: =C12/$B$23 -> 2.5182119
A58: 5 | B58: =B13/$B$33 -> 3.628033 | C58: =C13/$B$23 -> 1.9426462
A59: 6 | B59: =B14/$B$33 -> 4.0526362 | C59: =C14/$B$23 -> 1.4466679
A60: 7 | B60: =B15/$B$33 -> 4.4223234 | C60: =C15/$B$23 -> 1.0148368
A61: 8 | B61: =B16/$B$33 -> 4.7471014 | C61: =C16/$B$23 -> 0.63546409
A62: 9 | B62: =B17/$B$33 -> 5.0346849 | C62: =C17/$B$23 -> 0.29953825

Sheet dens_visc_beta+1hexoh
C1: MM / g/mol
A2: beta | B2: 1 | C2: 192.3
A3: hexoh | B3: 2 | C3: 102.17
E6: Actual
A7: Total Mass (g) | B7: Mass betaionone (trans) / g | C7: Mass 1-hexanol /g | D7: Mole fraction betaionone (trans) | E7: Mass betaionone (tra... (g) | F7: Mass 1-hexanol... (g) | G7: Mole Fraction betaionone (tra...
A8: 5 | B8: =IF(D8=0, 0, IF(D8=1, A8, (D8*A8*$C$2)/($C$3*(1-D8)+$C$2*D8))) -> 0 | C8: =A8-B8 -> 5 | D8: 0 | G8: =IF(AND(E8=0,F8>0),0,"")
A9: 5 | B9: =IF(D9=0, 0, IF(D9=1, A9, (D9*A9*$C$2)/($C$3*(1-D9)+$C$2*D9))) -> 0.86479048 | C9: =A9-B9 -> 4.1352095 | D9: 0.1 | G9: =IFERROR((E9*purity_beta/MW_beta)/((E9*purity_beta/MW_beta)+(F9*purity_hexoh/MW_hexoh)),"")
A10: 5 | B10: =IF(D10=0, 0, IF(D10=1, A10, (D10*A10*$C$2)/($C$3*(1-D10)+$C$2*D10))) -> 1.5998869 | C10: =A10-B10 -> 3.4001131 | D10: 0.2 | G10: =IFERROR((E10*purity_beta/MW_beta)/((E10*purity_beta/MW_beta)+(F10*purity_hexoh/MW_hexoh)),"")
A11: 5 | B11: =IF(D11=0, 0, IF(D11=1, A11, (D11*A11*$C$2)/($C$3*(1-D11)+$C$2*D11))) -> 2.2324296 | C11: =A11-B11 -> 2.7675704 | D11: 0.3 | G11: =IFERROR((E11*purity_beta/MW_beta)/((E11*purity_beta/MW_beta)+(F11*purity_hexoh/MW_hexoh)),"")
A12: 5 | B12: =IF(D12=0, 0, IF(D12=1, A12, (D12*A12*$C$2)/($C$3*(1-D12)+$C$2*D12))) -> 2.7824804 | C12: =A12-B12 -> 2.2175196 | D12: 0.4 | G12: =IFERROR((E12*purity_beta/MW_beta)/((E12*purity_beta/MW_beta)+(F12*purity_hexoh/MW_hexoh)),"")
A13: 5 | B13: =IF(D13=0, 0, IF(D13=1, A13, (D13*A13*$C$2)/($C$3*(1-D13)+$C$2*D13))) -> 3.2651883 | C13: =A13-B13 -> 1.7348117 | D13: 0.5 | G13: =IFERROR((E13*purity_beta/MW_beta)/((E13*purity_beta/MW_beta)+(F13*purity_hexoh/MW_hexoh)),"")
A14: 5 | B14: =IF(D14=0, 0, IF(D14=1, A14, (D14*A14*$C$2)/($C$3*(1-D14)+$C$2*D14))) -> 3.6922073 | C14: =A14-B14 -> 1.3077927 | D14: 0.6 | G14: =IFERROR((E14*purity_beta/MW_beta)/((E14*purity_beta/MW_beta)+(F14*purity_hexoh/MW_hexoh)),"")
A15: 5 | B15: =IF(D15=0, 0, IF(D15=1, A15, (D15*A15*$C$2)/($C$3*(1-D15)+$C$2*D15))) -> 4.0726487 | C15: =A15-B15 -> 0.92735128 | D15: 0.7 | G15: =IFERROR((E15*purity_beta/MW_beta)/((E15*purity_beta/MW_beta)+(F15*purity_hexoh/MW_hexoh)),"")
A16: 5 | B16: =IF(D16=0, 0, IF(D16=1, A16, (D16*A16*$C$2)/($C$3*(1-D16)+$C$2*D16))) -> 4.4137393 | C16: =A16-B16 -> 0.58626072 | D16: 0.8 | G16: =IFERROR((E16*purity_beta/MW_beta)/((E16*purity_beta/MW_beta)+(F16*purity_hexoh/MW_hexoh)),"")
A17: 5 | B17: =IF(D17=0, 0, IF(D17=1, A17, (D17*A17*$C$2)/($C$3*(1-D17)+$C$2*D17))) -> 4.7212841 | C17: =A17-B17 -> 0.27871589 | D17: 0.9 | G17: =IFERROR((E17*purity_beta/MW_beta)/((E17*purity_beta/MW_beta)+(F17*purity_hexoh/MW_hexoh)),"")
A18: 5 | B18: =IF(D18=0, 0, IF(D18=1, A18, (D18*A18*$C$2)/($C$3*(1-D18)+$C$2*D18))) -> 5 | C18: =A18-B18 -> 0 | D18: 1 | G18: =IF(AND(E18>0,F18=0),1,IFERROR((E18/MW_beta)/((E18/MW_beta)+(F18/MW_hexoh)),""))
A20: Volumen de exceso
B21: Densidad | G21: Volumen de Exceso
A22: x1 | B22: 20 | C22: 30 | D22: 40 | E22: 50 | F22: 60 | G22: 20 | H22: 30 | I22: 40 | J22: 50 | K22: 60
A23: =G8 | B23: =densidad_viscosidad_puros!G25 -> 0.81883 | C23: =densidad_viscosidad_puros!G26 -> 0.81174 | D23: =densidad_viscosidad_puros!G27 -> 0.80455 | E23: =densidad_viscosidad_puros!G28 -> 0.79722 | F23: =densidad_viscosidad_puros!G29 -> 0.78971 | G23: =IFERROR((($A23*MW_beta)+((1-$A23)*MW_hexoh))/B23-(($A23*MW_beta/B$33)+((1-$A23)*MW_hexoh/B$23)),"") | H23: =IFERROR((($A23*MW_beta)+((1-$A23)*MW_hexoh))/C23-(($A23*MW_beta/C$33)+((1-$A23)*MW_hexoh/C$23)),"") | I23: =IFERROR((($A23*MW_beta)+((1-$A23)*MW_hexoh))/D23-(($A23*MW_beta/D$33)+((1-$A23)*MW_hexoh/D$23)),"") | J23: =IFERROR((($A23*MW_beta)+((1-$A23)*MW_hexoh))/E23-(($A23*MW_beta/E$33)+((1-$A23)*MW_hexoh/E$23)),"") | K23: =IFERROR((($A23*MW_beta)+((1-$A23)*MW_hexoh))/F23-(($A23*MW_beta/F$33)+((1-$A23)*MW_hexoh/F$23)),"")
A24: =G9 | G24: =IFERROR((($A24*MW_beta)+((1-$A24)*MW_hexoh))/B24-(($A24*MW_beta/B$33)+((1-$A24)*MW_hexoh/B$23)),"") | H24: =IFERROR((($A24*MW_beta)+((1-$A24)*MW_hexoh))/C24-(($A24*MW_beta/C$33)+((1-$A24)*MW_hexoh/C$23)),"") | I24: =IFERROR((($A24*MW_beta)+((1-$A24)*MW_hexoh))/D24-(($A24*MW_beta/D$33)+((1-$A24)*MW_hexoh/D$23)),"") | J24: =IFERROR((($A24*MW_beta)+((1-$A24)*MW_hexoh))/E24-(($A24*MW_beta/E$33)+((1-$A24)*MW_hexoh/E$23)),"") | K24: =IFERROR((($A24*MW_beta)+((1-$A24)*MW_hexoh))/F24-(($A24*MW_beta/F$33)+((1-$A24)*MW_hexoh/F$23)),"")
A25: =G10 | G25: =IFERROR((($A25*MW_beta)+((1-$A25)*MW_hexoh))/B25-(($A25*MW_beta/B$33)+((1-$A25)*MW_hexoh/B$23)),"") | H25: =IFERROR((($A25*MW_beta)+((1-$A25)*MW_hexoh))/C25-(($A25*MW_beta/C$33)+((1-$A25)*MW_hexoh/C$23)),"") | I25: =IFERROR((($A25*MW_beta)+((1-$A25)*MW_hexoh))/D25-(($A25*MW_beta/D$33)+((1-$A25)*MW_hexoh/D$23)),"") | J25: =IFERROR((($A25*MW_beta)+((1-$A25)*MW_hexoh))/E25-(($A25*MW_beta/E$33)+((1-$A25)*MW_hexoh/E$23)),"") | K25: =IFERROR((($A25*MW_beta)+((1-$A25)*MW_hexoh))/F25-(($A25*MW_beta/F$33)+((1-$A25)*MW_hexoh/F$23)),"")
A26: =G11 | G26: =IFERROR((($A26*MW_beta)+((1-$A26)*MW_hexoh))/B26-(($A26*MW_beta/B$33)+((1-$A26)*MW_hexoh/B$23)),"") | H26: =IFERROR((($A26*MW_beta)+((1-$A26)*MW_hexoh))/C26-(($A26*MW_beta/C$33)+((1-$A26)*MW_hexoh/C$23)),"") | I26: =IFERROR((($A26*MW_beta)+((1-$A26)*MW_hexoh))/D26-(($A26*MW_beta/D$33)+((1-$A26)*MW_hexoh/D$23)),"") | J26: =IFERROR((($A26*MW_beta)+((1-$A26)*MW_hexoh))/E26-(($A26*MW_beta/E$33)+((1-$A26)*MW_hexoh/E$23)),"") | K26: =IFERROR((($A26*MW_beta)+((1-$A26)*MW_hexoh))/F26-(($A26*MW_beta/F$33)+((1-$A26)*MW_hexoh/F$23)),"")
A27: =G12 | G27: =IFERROR((($A27*MW_beta)+((1-$A27)*MW_hexoh))/B27-(($A27*MW_beta/B$33)+((1-$A27)*MW_hexoh/B$23)),"") | H27: =IFERROR((($A27*MW_beta)+((1-$A27)*MW_hexoh))/C27-(($A27*MW_beta/C$33)+((1-$A27)*MW_hexoh/C$23)),"") | I27: =IFERROR((($A27*MW_beta)+((1-$A27)*MW_hexoh))/D27-(($A27*MW_beta/D$33)+((1-$A27)*MW_hexoh/D$23)),"") | J27: =IFERROR((($A27*MW_beta)+((1-$A27)*MW_hexoh))/E27-(($A27*MW_beta/E$33)+((1-$A27)*MW_hexoh/E$23)),"") | K27: =IFERROR((($A27*MW_beta)+((1-$A27)*MW_hexoh))/F27-(($A27*MW_beta/F$33)+((1-$A27)*MW_hexoh/F$23)),"")
A28: =G13 | G28: =IFERROR((($A28*MW_beta)+((1-$A28)*MW_hexoh))/B28-(($A28*MW_beta/B$33)+((1-$A28)*MW_hexoh/B$23)),"") | H28: =IFERROR((($A28*MW_beta)+((1-$A28)*MW_hexoh))/C28-(($A28*MW_beta/C$33)+((1-$A28)*MW_hexoh/C$23)),"") | I28: =IFERROR((($A28*MW_beta)+((1-$A28)*MW_hexoh))/D28-(($A28*MW_beta/D$33)+((1-$A28)*MW_hexoh/D$23)),"") | J28: =IFERROR((($A28*MW_beta)+((1-$A28)*MW_hexoh))/E28-(($A28*MW_beta/E$33)+((1-$A28)*MW_hexoh/E$23)),"") | K28: =IFERROR((($A28*MW_beta)+((1-$A28)*MW_hexoh))/F28-(($A28*MW_beta/F$33)+((1-$A28)*MW_hexoh/F$23)),"")
A29: =G14 | G29: =IFERROR((($A29*MW_beta)+((1-$A29)*MW_hexoh))/B29-(($A29*MW_beta/B$33)+((1-$A29)*MW_hexoh/B$23)),"") | H29: =IFERROR((($A29*MW_beta)+((1-$A29)*MW_hexoh))/C29-(($A29*MW_beta/C$33)+((1-$A29)*MW_hexoh/C$23)),"") | I29: =IFERROR((($A29*MW_beta)+((1-$A29)*MW_hexoh))/D29-(($A29*MW_beta/D$33)+((1-$A29)*MW_hexoh/D$23)),"") | J29: =IFERROR((($A29*MW_beta)+((1-$A29)*MW_hexoh))/E29-(($A29*MW_beta/E$33)+((1-$A29)*MW_hexoh/E$23)),"") | K29: =IFERROR((($A29*MW_beta)+((1-$A29)*MW_hexoh))/F29-(($A29*MW_beta/F$33)+((1-$A29)*MW_hexoh/F$23)),"")
A30: =G15 | G30: =IFERROR((($A30*MW_beta)+((1-$A30)*MW_hexoh))/B30-(($A30*MW_beta/B$33)+((1-$A30)*MW_hexoh/B$23)),"") | H30: =IFERROR((($A30*MW_beta)+((1-$A30)*MW_hexoh))/C30-(($A30*MW_beta/C$33)+((1-$A30)*MW_hexoh/C$23)),"") | I30: =IFERROR((($A30*MW_beta)+((1-$A30)*MW_hexoh))/D30-(($A30*MW_beta/D$33)+((1-$A30)*MW_hexoh/D$23)),"") | J30: =IFERROR((($A30*MW_beta)+((1-$A30)*MW_hexoh))/E30-(($A30*MW_beta/E$33)+((1-$A30)*MW_hexoh/E$23)),"") | K30: =IFERROR((($A30*MW_beta)+((1-$A30)*MW_hexoh))/F30-(($A30*MW_beta/F$33)+((1-$A30)*MW_hexoh/F$23)),"")
A31: =G16 | G31: =IFERROR((($A31*MW_beta)+((1-$A31)*MW_hexoh))/B31-(($A31*MW_beta/B$33)+((1-$A31)*MW_hexoh/B$23)),"") | H31: =IFERROR((($A31*MW_beta)+((1-$A31)*MW_hexoh))/C31-(($A31*MW_beta/C$33)+((1-$A31)*MW_hexoh/C$23)),"") | I31: =IFERROR((($A31*MW_beta)+((1-$A31)*MW_hexoh))/D31-(($A31*MW_beta/D$33)+((1-$A31)*MW_hexoh/D$23)),"") | J31: =IFERROR((($A31*MW_beta)+((1-$A31)*MW_hexoh))/E31-(($A31*MW_beta/E$33)+((1-$A31)*MW_hexoh/E$23)),"") | K31: =IFERROR((($A31*MW_beta)+((1-$A31)*MW_hexoh))/F31-(($A31*MW_beta/F$33)+((1-$A31)*MW_hexoh/F$23)),"")
A32: =G17 | G32: =IFERROR((($A32*MW_beta)+((1-$A32)*MW_hexoh))/B32-(($A32*MW_beta/B$33)+((1-$A32)*MW_hexoh/B$23)),"") | H32: =IFERROR((($A32*MW_beta)+((1-$A32)*MW_hexoh))/C32-(($A32*MW_beta/C$33)+((1-$A32)*MW_hexoh/C$23)),"") | I32: =IFERROR((($A32*MW_beta)+((1-$A32)*MW_hexoh))/D32-(($A32*MW_beta/D$33)+((1-$A32)*MW_hexoh/D$23)),"") | J32: =IFERROR((($A32*MW_beta)+((1-$A32)*MW_hexoh))/E32-(($A32*MW_beta/E$33)+((1-$A32)*MW_hexoh/E$23)),"") | K32: =IFERROR((($A32*MW_beta)+((1-$A32)*MW_hexoh))/F32-(($A32*MW_beta/F$33)+((1-$A32)*MW_hexoh/F$23)),"")
A33: =G18 | B33: =densidad_viscosidad_puros!G65 -> 0.94498 | C33: =densidad_viscosidad_puros!G66 -> 0.93726 | D33: =densidad_viscosidad_puros!G67 -> 0.9295 | E33: =densidad_viscosidad_puros!G68 -> 0.92172 | F33: =densidad_viscosidad_puros!G69 -> 0.91396 | G33: =IFERROR((($A33*MW_beta)+((1-$A33)*MW_hexoh))/B33-(($A33*MW_beta/B$33)+((1-$A33)*MW_hexoh/B$23)),"") | H33: =IFERROR((($A33*MW_beta)+((1-$A33)*MW_hexoh))/C33-(($A33*MW_beta/C$33)+((1-$A33)*MW_hexoh/C$23)),"") | I33: =IFERROR((($A33*MW_beta)+((1-$A33)*MW_hexoh))/D33-(($A33*MW_beta/D$33)+((1-$A33)*MW_hexoh/D$23)),"") | J33: =IFERROR((($A33*MW_beta)+((1-$A33)*MW_hexoh))/E33-(($A33*MW_beta/E$33)+((1-$A33)*MW_hexoh/E$23)),"") | K33: =IFERROR((($A33*MW_beta)+((1-$A33)*MW_hexoh))/F33-(($A33*MW_beta/F$33)+((1-$A33)*MW_hexoh/F$23)),"")
B35: Viscosidad
A36: x1 | B36: 20 | C36: 30 | D36: 40 | E36: 50 | F36: 60
A37: =G8 | B37: =densidad_viscosidad_puros!I25 -> 5.278 | C37: =densidad_viscosidad_puros!I26 -> 3.881 | D37: =densidad_viscosidad_puros!I27 -> 2.919 | E37: =densidad_viscosidad_puros!I28 -> 2.24 | F37: =densidad_viscosidad_puros!I29 -> 1.75
A38: =G9
A39: =G10
A40: =G11
A41: =G12
A42: =G13
A43: =G14
A44: =G15
A45: =G16
A46: =G17
A47: =G18 | B47: =densidad_viscosidad_puros!I65 -> 11.31 | C47: =densidad_viscosidad_puros!I66 -> 7.323 | D47: =densidad_viscosidad_puros!I67 -> 5.121 | E47: =densidad_viscosidad_puros!I68 -> 3.792 | F47: =densidad_viscosidad_puros!I69 -> 2.938
B50: BETAIONONE + 1-HEXANOL | E50: BETA+1HEX #
B52: VOLUMENES OBJETIVO | D52: MASAS
A53: # | B53: ml_betaionone | C53: ml_1he | D53: tubo | E53: tubo + beta | F53: tubo + beta + 1he
A54: 1
A55: 2
A56: 3
A57: 4
A58: 5
A59: 6
A60: 7
A61: 8
A62: 9

Sheet dens_visc_beta+1octoh
C1: MM / g/mol
A2: beta | B2: 1 | C2: 192.3
A3: octoh | B3: 2 | C3: 130.23
E6: Actual
A7: Total Mass (g) | B7: Mass betaionone (trans) / g | C7: Mass 1-octanol /g | D7: Mole fraction betaionone (trans) | E7: Mass betaionone (tra... (g) | F7: Mass 1-octanol... (g) | G7: Mole Fraction betaionone (tra...
A8: 5 | B8: =IF(D8=0, 0, IF(D8=1, A8, (D8*A8*$C$2)/($C$3*(1-D8)+$C$2*D8))) -> 0 | C8: =A8-B8 -> 5 | D8: 0 | G8: =IF(AND(E8=0,F8>0),0,"")
A9: 5 | B9: =IF(D9=0, 0, IF(D9=1, A9, (D9*A9*$C$2)/($C$3*(1-D9)+$C$2*D9))) -> 0.70472086 | C9: =A9-B9 -> 4.2952791 | D9: 0.1 | G9: =IFERROR((E9*purity_beta/MW_beta)/((E9*purity_beta/MW_beta)+(F9*purity_octoh/MW_octoh)),"")
A10: 5 | B10: =IF(D10=0, 0, IF(D10=1, A10, (D10*A10*$C$2)/($C$3*(1-D10)+$C$2*D10))) -> 1.3481114 | C10: =A10-B10 -> 3.6518886 | D10: 0.2 | G10: =IFERROR((E10*purity_beta/MW_beta)/((E10*purity_beta/MW_beta)+(F10*purity_octoh/MW_octoh)),"")
A11: 5 | B11: =IF(D11=0, 0, IF(D11=1, A11, (D11*A11*$C$2)/($C$3*(1-D11)+$C$2*D11))) -> 1.9378439 | C11: =A11-B11 -> 3.0621561 | D11: 0.3 | G11: =IFERROR((E11*purity_beta/MW_beta)/((E11*purity_beta/MW_beta)+(F11*purity_octoh/MW_octoh)),"")
A12: 5 | B12: =IF(D12=0, 0, IF(D12=1, A12, (D12*A12*$C$2)/($C$3*(1-D12)+$C$2*D12))) -> 2.4803622 | C12: =A12-B12 -> 2.5196378 | D12: 0.4 | G12: =IFERROR((E12*purity_beta/MW_beta)/((E12*purity_beta/MW_beta)+(F12*purity_octoh/MW_octoh)),"")
A13: 5 | B13: =IF(D13=0, 0, IF(D13=1, A13, (D13*A13*$C$2)/($C$3*(1-D13)+$C$2*D13))) -> 2.981118 | C13: =A13-B13 -> 2.018882 | D13: 0.5 | G13: =IFERROR((E13*purity_beta/MW_beta)/((E13*purity_beta/MW_beta)+(F13*purity_octoh/MW_octoh)),"")
A14: 5 | B14: =IF(D14=0, 0, IF(D14=1, A14, (D14*A14*$C$2)/($C$3*(1-D14)+$C$2*D14))) -> 3.4447549 | C14: =A14-B14 -> 1.5552451 | D14: 0.6 | G14: =IFERROR((E14*purity_beta/MW_beta)/((E14*purity_beta/MW_beta)+(F14*purity_octoh/MW_octoh)),"")
A15: 5 | B15: =IF(D15=0, 0, IF(D15=1, A15, (D15*A15*$C$2)/($C$3*(1-D15)+$C$2*D15))) -> 3.8752526 | C15: =A15-B15 -> 1.1247474 | D15: 0.7 | G15: =IFERROR((E15*purity_beta/MW_beta)/((E15*purity_beta/MW_beta)+(F15*purity_octoh/MW_octoh)),"")
A16: 5 | B16: =IF(D16=0, 0, IF(D16=1, A16, (D16*A16*$C$2)/($C$3*(1-D16)+$C$2*D16))) -> 4.2760415 | C16: =A16-B16 -> 0.72395851 | D16: 0.8 | G16: =IFERROR((E16*purity_beta/MW_beta)/((E16*purity_beta/MW_beta)+(F16*purity_octoh/MW_octoh)),"")
A17: 5 | B17: =IF(D17=0, 0, IF(D17=1, A17, (D17*A17*$C$2)/($C$3*(1-D17)+$C$2*D17))) -> 4.6500943 | C17: =A17-B17 -> 0.34990569 | D17: 0.9 | G17: =IFERROR((E17*purity_beta/MW_beta)/((E17*purity_beta/MW_beta)+(F17*purity_octoh/MW_octoh)),"")
A18: 5 | B18: =IF(D18=0, 0, IF(D18=1, A18, (D18*A18*$C$2)/($C$3*(1-D18)+$C$2*D18))) -> 5 | C18: =A18-B18 -> 0 | D18: 1 | G18: =IF(AND(E18>0,F18=0),1,IFERROR((E18/MW_beta)/((E18/MW_beta)+(F18/MW_octoh)),""))
B21: Densidad | G21: Volumen de Exceso
A22: x1 | B22: 20 | C22: 30 | D22: 40 | E22: 50 | F22: 60 | G22: 20 | H22: 30 | I22: 40 | J22: 50 | K22: 60
A23: =G8 | B23: =densidad_viscosidad_puros!G35 -> 0.82518 | C23: =densidad_viscosidad_puros!G36 -> 0.81835 | D23: =densidad_viscosidad_puros!G37 -> 0.81141 | E23: =densidad_viscosidad_puros!G38 -> 0.80433 | F23: =densidad_viscosidad_puros!G39 -> 0.79719 | G23: =IFERROR((($A23*MW_beta)+((1-$A23)*MW_octoh))/B23-(($A23*MW_beta/B$33)+((1-$A23)*MW_octoh/B$23)),"") | H23: =IFERROR((($A23*MW_beta)+((1-$A23)*MW_octoh))/C23-(($A23*MW_beta/C$33)+((1-$A23)*MW_octoh/C$23)),"") | I23: =IFERROR((($A23*MW_beta)+((1-$A23)*MW_octoh))/D23-(($A23*MW_beta/D$33)+((1-$A23)*MW_octoh/D$23)),"") | J23: =IFERROR((($A23*MW_beta)+((1-$A23)*MW_octoh))/E23-(($A23*MW_beta/E$33)+((1-$A23)*MW_octoh/E$23)),"") | K23: =IFERROR((($A23*MW_beta)+((1-$A23)*MW_octoh))/F23-(($A23*MW_beta/F$33)+((1-$A23)*MW_octoh/F$23)),"")
A24: =G9 | G24: =IFERROR((($A24*MW_beta)+((1-$A24)*MW_octoh))/B24-(($A24*MW_beta/B$33)+((1-$A24)*MW_octoh/B$23)),"") | H24: =IFERROR((($A24*MW_beta)+((1-$A24)*MW_octoh))/C24-(($A24*MW_beta/C$33)+((1-$A24)*MW_octoh/C$23)),"") | I24: =IFERROR((($A24*MW_beta)+((1-$A24)*MW_octoh))/D24-(($A24*MW_beta/D$33)+((1-$A24)*MW_octoh/D$23)),"") | J24: =IFERROR((($A24*MW_beta)+((1-$A24)*MW_octoh))/E24-(($A24*MW_beta/E$33)+((1-$A24)*MW_octoh/E$23)),"") | K24: =IFERROR((($A24*MW_beta)+((1-$A24)*MW_octoh))/F24-(($A24*MW_beta/F$33)+((1-$A24)*MW_octoh/F$23)),"")
A25: =G10 | G25: =IFERROR((($A25*MW_beta)+((1-$A25)*MW_octoh))/B25-(($A25*MW_beta/B$33)+((1-$A25)*MW_octoh/B$23)),"") | H25: =IFERROR((($A25*MW_beta)+((1-$A25)*MW_octoh))/C25-(($A25*MW_beta/C$33)+((1-$A25)*MW_octoh/C$23)),"") | I25: =IFERROR((($A25*MW_beta)+((1-$A25)*MW_octoh))/D25-(($A25*MW_beta/D$33)+((1-$A25)*MW_octoh/D$23)),"") | J25: =IFERROR((($A25*MW_beta)+((1-$A25)*MW_octoh))/E25-(($A25*MW_beta/E$33)+((1-$A25)*MW_octoh/E$23)),"") | K25: =IFERROR((($A25*MW_beta)+((1-$A25)*MW_octoh))/F25-(($A25*MW_beta/F$33)+((1-$A25)*MW_octoh/F$23)),"")
A26: =G11 | G26: =IFERROR((($A26*MW_beta)+((1-$A26)*MW_octoh))/B26-(($A26*MW_beta/B$33)+((1-$A26)*MW_octoh/B$23)),"") | H26: =IFERROR((($A26*MW_beta)+((1-$A26)*MW_octoh))/C26-(($A26*MW_beta/C$33)+((1-$A26)*MW_octoh/C$23)),"") | I26: =IFERROR((($A26*MW_beta)+((1-$A26)*MW_octoh))/D26-(($A26*MW_beta/D$33)+((1-$A26)*MW_octoh/D$23)),"") | J26: =IFERROR((($A26*MW_beta)+((1-$A26)*MW_octoh))/E26-(($A26*MW_beta/E$33)+((1-$A26)*MW_octoh/E$23)),"") | K26: =IFERROR((($A26*MW_beta)+((1-$A26)*MW_octoh))/F26-(($A26*MW_beta/F$33)+((1-$A26)*MW_octoh/F$23)),"")
A27: =G12 | G27: =IFERROR((($A27*MW_beta)+((1-$A27)*MW_octoh))/B27-(($A27*MW_beta/B$33)+((1-$A27)*MW_octoh/B$23)),"") | H27: =IFERROR((($A27*MW_beta)+((1-$A27)*MW_octoh))/C27-(($A27*MW_beta/C$33)+((1-$A27)*MW_octoh/C$23)),"") | I27: =IFERROR((($A27*MW_beta)+((1-$A27)*MW_octoh))/D27-(($A27*MW_beta/D$33)+((1-$A27)*MW_octoh/D$23)),"") | J27: =IFERROR((($A27*MW_beta)+((1-$A27)*MW_octoh))/E27-(($A27*MW_beta/E$33)+((1-$A27)*MW_octoh/E$23)),"") | K27: =IFERROR((($A27*MW_beta)+((1-$A27)*MW_octoh))/F27-(($A27*MW_beta/F$33)+((1-$A27)*MW_octoh/F$23)),"")
A28: =G13 | G28: =IFERROR((($A28*MW_beta)+((1-$A28)*MW_octoh))/B28-(($A28*MW_beta/B$33)+((1-$A28)*MW_octoh/B$23)),"") | H28: =IFERROR((($A28*MW_beta)+((1-$A28)*MW_octoh))/C28-(($A28*MW_beta/C$33)+((1-$A28)*MW_octoh/C$23)),"") | I28: =IFERROR((($A28*MW_beta)+((1-$A28)*MW_octoh))/D28-(($A28*MW_beta/D$33)+((1-$A28)*MW_octoh/D$23)),"") | J28: =IFERROR((($A28*MW_beta)+((1-$A28)*MW_octoh))/E28-(($A28*MW_beta/E$33)+((1-$A28)*MW_octoh/E$23)),"") | K28: =IFERROR((($A28*MW_beta)+((1-$A28)*MW_octoh))/F28-(($A28*MW_beta/F$33)+((1-$A28)*MW_octoh/F$23)),"")
A29: =G14 | G29: =IFERROR((($A29*MW_beta)+((1-$A29)*MW_octoh))/B29-(($A29*MW_beta/B$33)+((1-$A29)*MW_octoh/B$23)),"") | H29: =IFERROR((($A29*MW_beta)+((1-$A29)*MW_octoh))/C29-(($A29*MW_beta/C$33)+((1-$A29)*MW_octoh/C$23)),"") | I29: =IFERROR((($A29*MW_beta)+((1-$A29)*MW_octoh))/D29-(($A29*MW_beta/D$33)+((1-$A29)*MW_octoh/D$23)),"") | J29: =IFERROR((($A29*MW_beta)+((1-$A29)*MW_octoh))/E29-(($A29*MW_beta/E$33)+((1-$A29)*MW_octoh/E$23)),"") | K29: =IFERROR((($A29*MW_beta)+((1-$A29)*MW_octoh))/F29-(($A29*MW_beta/F$33)+((1-$A29)*MW_octoh/F$23)),"")
A30: =G15 | G30: =IFERROR((($A30*MW_beta)+((1-$A30)*MW_octoh))/B30-(($A30*MW_beta/B$33)+((1-$A30)*MW_octoh/B$23)),"") | H30: =IFERROR((($A30*MW_beta)+((1-$A30)*MW_octoh))/C30-(($A30*MW_beta/C$33)+((1-$A30)*MW_octoh/C$23)),"") | I30: =IFERROR((($A30*MW_beta)+((1-$A30)*MW_octoh))/D30-(($A30*MW_beta/D$33)+((1-$A30)*MW_octoh/D$23)),"") | J30: =IFERROR((($A30*MW_beta)+((1-$A30)*MW_octoh))/E30-(($A30*MW_beta/E$33)+((1-$A30)*MW_octoh/E$23)),"") | K30: =IFERROR((($A30*MW_beta)+((1-$A30)*MW_octoh))/F30-(($A30*MW_beta/F$33)+((1-$A30)*MW_octoh/F$23)),"")
A31: =G16 | G31: =IFERROR((($A31*MW_beta)+((1-$A31)*MW_octoh))/B31-(($A31*MW_beta/B$33)+((1-$A31)*MW_octoh/B$23)),"") | H31: =IFERROR((($A31*MW_beta)+((1-$A31)*MW_octoh))/C31-(($A31*MW_beta/C$33)+((1-$A31)*MW_octoh/C$23)),"") | I31: =IFERROR((($A31*MW_beta)+((1-$A31)*MW_octoh))/D31-(($A31*MW_beta/D$33)+((1-$A31)*MW_octoh/D$23)),"") | J31: =IFERROR((($A31*MW_beta)+((1-$A31)*MW_octoh))/E31-(($A31*MW_beta/E$33)+((1-$A31)*MW_octoh/E$23)),"") | K31: =IFERROR((($A31*MW_beta)+((1-$A31)*MW_octoh))/F31-(($A31*MW_beta/F$33)+((1-$A31)*MW_octoh/F$23)),"")
A32: =G17 | G32: =IFERROR((($A32*MW_beta)+((1-$A32)*MW_octoh))/B32-(($A32*MW_beta/B$33)+((1-$A32)*MW_octoh/B$23)),"") | H32: =IFERROR((($A32*MW_beta)+((1-$A32)*MW_octoh))/C32-(($A32*MW_beta/C$33)+((1-$A32)*MW_octoh/C$23)),"") | I32: =IFERROR((($A32*MW_beta)+((1-$A32)*MW_octoh))/D32-(($A32*MW_beta/D$33)+((1-$A32)*MW_octoh/D$23)),"") | J32: =IFERROR((($A32*MW_beta)+((1-$A32)*MW_octoh))/E32-(($A32*MW_beta/E$33)+((1-$A32)*MW_octoh/E$23)),"") | K32: =IFERROR((($A32*MW_beta)+((1-$A32)*MW_octoh))/F32-(($A32*MW_beta/F$33)+((1-$A32)*MW_octoh/F$23)),"")
A33: =G18 | B33: =densidad_viscosidad_puros!G65 -> 0.94498 | C33: =densidad_viscosidad_puros!G66 -> 0.93726 | D33: =densidad_viscosidad_puros!G67 -> 0.9295 | E33: =densidad_viscosidad_puros!G68 -> 0.92172 | F33: =densidad_viscosidad_puros!G69 -> 0.91396 | G33: =IFERROR((($A33*MW_beta)+((1-$A33)*MW_octoh))/B33-(($A33*MW_beta/B$33)+((1-$A33)*MW_octoh/B$23)),"") | H33: =IFERROR((($A33*MW_beta)+((1-$A33)*MW_octoh))/C33-(($A33*MW_beta/C$33)+((1-$A33)*MW_octoh/C$23)),"") | I33: =IFERROR((($A33*MW_beta)+((1-$A33)*MW_octoh))/D33-(($A33*MW_beta/D$33)+((1-$A33)*MW_octoh/D$23)),"") | J33: =IFERROR((($A33*MW_beta)+((1-$A33)*MW_octoh))/E33-(($A33*MW_beta/E$33)+((1-$A33)*MW_octoh/E$23)),"") | K33: =IFERROR((($A33*MW_beta)+((1-$A33)*MW_octoh))/F33-(($A33*MW_beta/F$33)+((1-$A33)*MW_octoh/F$23)),"")
B35: Viscosidad
A36: x1 | B36: 20 | C36: 30 | D36: 40 | E36: 50 | F36: 60
A37: =G8 | B37: =densidad_viscosidad_puros!I35 -> 8.801 | C37: =densidad_viscosidad_puros!I36 -> 6.146 | D37: =densidad_viscosidad_puros!I37 -> 4.454 | E37: =densidad_viscosidad_puros!I38 -> 3.292 | F37: =densidad_viscosidad_puros!I39 -> 2.511
A38: =G9
A39: =G10
A40: =G11
A41: =G12
A42: =G13
A43: =G14
A44: =G15
A45: =G16
A46: =G17
A47: =G18 | B47: =densidad_viscosidad_puros!I65 -> 11.31 | C47: =densidad_viscosidad_puros!I66 -> 7.323 | D47: =densidad_viscosidad_puros!I67 -> 5.121 | E47: =densidad_viscosidad_puros!I68 -> 3.792 | F47: =densidad_viscosidad_puros!I69 -> 2.938

Sheet dens_visc_beta+mibk
C1: MM / g/mol
A2: beta | B2: 1 | C2: 192.3
A3: mibk | B3: 2 | C3: 100.16
E6: Actual
A7: Total Mass (g) | B7: Mass betaionone (trans) / g | C7: Mass methyl isobutyl ketone /g | D7: Mole fraction betaionone (trans) | E7: Mass betaionone (tra... (g) | F7: Mass methyl isobutyl... (g) | G7: Mole Fraction betaionone (tra...
A8: 6 | B8: =IF(D8=0, 0, IF(D8=1, A8, (D8*A8*$C$2)/($C$3*(1-D8)+$C$2*D8))) -> 0 | C8: =A8-B8 -> 6 | D8: 0 | E8: 0 | F8: 1 | G8: =IF(AND(E8=0,F8>0),0,"") -> 0
A9: 6 | B9: =IF(D9=0, 0, IF(D9=1, A9, (D9*A9*$C$2)/($C$3*(1-D9)+$C$2*D9))) -> 1.0549125 | C9: =A9-B9 -> 4.9450875 | D9: 0.1 | G9: =IFERROR((E9*purity_beta/MW_beta)/((E9*purity_beta/MW_beta)+(F9*purity_mibk/MW_mibk)),"")
A10: 6 | B10: =IF(D10=0, 0, IF(D10=1, A10, (D10*A10*$C$2)/($C$3*(1-D10)+$C$2*D10))) -> 1.9458967 | C10: =A10-B10 -> 4.0541033 | D10: 0.2 | G10: =IFERROR((E10*purity_beta/MW_beta)/((E10*purity_beta/MW_beta)+(F10*purity_mibk/MW_mibk)),"")
A11: 6 | B11: =IF(D11=0, 0, IF(D11=1, A11, (D11*A11*$C$2)/($C$3*(1-D11)+$C$2*D11))) -> 2.7084083 | C11: =A11-B11 -> 3.2915917 | D11: 0.3 | G11: =IFERROR((E11*purity_beta/MW_beta)/((E11*purity_beta/MW_beta)+(F11*purity_mibk/MW_mibk)),"")
A12: 6 | B12: =IF(D12=0, 0, IF(D12=1, A12, (D12*A12*$C$2)/($C$3*(1-D12)+$C$2*D12))) -> 3.3683657 | C12: =A12-B12 -> 2.6316343 | D12: 0.4 | G12: =IFERROR((E12*purity_beta/MW_beta)/((E12*purity_beta/MW_beta)+(F12*purity_mibk/MW_mibk)),"")
A13: 6 | B13: =IF(D13=0, 0, IF(D13=1, A13, (D13*A13*$C$2)/($C$3*(1-D13)+$C$2*D13))) -> 3.9451549 | C13: =A13-B13 -> 2.0548451 | D13: 0.5 | G13: =IFERROR((E13*purity_beta/MW_beta)/((E13*purity_beta/MW_beta)+(F13*purity_mibk/MW_mibk)),"")
A14: 6 | B14: =IF(D14=0, 0, IF(D14=1, A14, (D14*A14*$C$2)/($C$3*(1-D14)+$C$2*D14))) -> 4.4535653 | C14: =A14-B14 -> 1.5464347 | D14: 0.6 | G14: =IFERROR((E14*purity_beta/MW_beta)/((E14*purity_beta/MW_beta)+(F14*purity_mibk/MW_mibk)),"")
A15: 6 | B15: =IF(D15=0, 0, IF(D15=1, A15, (D15*A15*$C$2)/($C$3*(1-D15)+$C$2*D15))) -> 4.905076 | C15: =A15-B15 -> 1.094924 | D15: 0.7 | G15: =IFERROR((E15*purity_beta/MW_beta)/((E15*purity_beta/MW_beta)+(F15*purity_mibk/MW_mibk)),"")
A16: 6 | B16: =IF(D16=0, 0, IF(D16=1, A16, (D16*A16*$C$2)/($C$3*(1-D16)+$C$2*D16))) -> 5.3087329 | C16: =A16-B16 -> 0.69126714 | D16: 0.8 | G16: =IFERROR((E16*purity_beta/MW_beta)/((E16*purity_beta/MW_beta)+(F16*purity_mibk/MW_mibk)),"")
A17: 6 | B17: =IF(D17=0, 0, IF(D17=1, A17, (D17*A17*$C$2)/($C$3*(1-D17)+$C$2*D17))) -> 5.6717608 | C17: =A17-B17 -> 0.32823919 | D17: 0.9 | G17: =IFERROR((E17*purity_beta/MW_beta)/((E17*purity_beta/MW_beta)+(F17*purity_mibk/MW_mibk)),"")
A18: 6 | B18: =IF(D18=0, 0, IF(D18=1, A18, (D18*A18*$C$2)/($C$3*(1-D18)+$C$2*D18))) -> 6 | C18: =A18-B18 -> 0 | D18: 1 | E18: 1 | F18: 0 | G18: =IF(AND(E18>0,F18=0),1,IFERROR((E18/MW_beta)/((E18/MW_beta)+(F18/MW_mibk)),"")) -> 1
A20: Volumen de exceso
B21: Densidad | G21: Volumen de Exceso
A22: x1 | B22: 20 | C22: 30 | D22: 40 | E22: 50 | F22: 60 | G22: 20 | H22: 30 | I22: 40 | J22: 50 | K22: 60
A23: =G8 -> 0 | B23: =densidad_viscosidad_puros!G45 -> 0.80143 | C23: =densidad_viscosidad_puros!G46 -> 0.79234 | D23: =densidad_viscosidad_puros!G47 -> 0.78314 | E23: =densidad_viscosidad_puros!G48 -> 0.77383 | F23: =densidad_viscosidad_puros!G49 -> 0.76444 | G23: =IFERROR((($A23*MW_beta)+((1-$A23)*MW_mibk))/B23-(($A23*MW_beta/B$33)+((1-$A23)*MW_mibk/B$23)),"") -> 0 | H23: =IFERROR((($A23*MW_beta)+((1-$A23)*MW_mibk))/C23-(($A23*MW_beta/C$33)+((1-$A23)*MW_mibk/C$23)),"") -> 0 | I23: =IFERROR((($A23*MW_beta)+((1-$A23)*MW_mibk))/D23-(($A23*MW_beta/D$33)+((1-$A23)*MW_mibk/D$23)),"") -> 0 | J23: =IFERROR((($A23*MW_beta)+((1-$A23)*MW_mibk))/E23-(($A23*MW_beta/E$33)+((1-$A23)*MW_mibk/E$23)),"") -> 0 | K23: =IFERROR((($A23*MW_beta)+((1-$A23)*MW_mibk))/F23-(($A23*MW_beta/F$33)+((1-$A23)*MW_mibk/F$23)),"") -> 0
A24: =G9 | B24: 0.81671 | C24: 0.80775 | D24: 0.79866 | E24: 0.7895 | F24: 0.78026 | G24: =IFERROR((($A24*MW_beta)+((1-$A24)*MW_mibk))/B24-(($A24*MW_beta/B$33)+((1-$A24)*MW_mibk/B$23)),"") | H24: =IFERROR((($A24*MW_beta)+((1-$A24)*MW_mibk))/C24-(($A24*MW_beta/C$33)+((1-$A24)*MW_mibk/C$23)),"") | I24: =IFERROR((($A24*MW_beta)+((1-$A24)*MW_mibk))/D24-(($A24*MW_beta/D$33)+((1-$A24)*MW_mibk/D$23)),"") | J24: =IFERROR((($A24*MW_beta)+((1-$A24)*MW_mibk))/E24-(($A24*MW_beta/E$33)+((1-$A24)*MW_mibk/E$23)),"") | K24: =IFERROR((($A24*MW_beta)+((1-$A24)*MW_mibk))/F24-(($A24*MW_beta/F$33)+((1-$A24)*MW_mibk/F$23)),"")
A25: =G10 | B25: 0.83112 | C25: 0.8223 | D25: 0.81337 | E25: 0.80438 | F25: 0.79532 | G25: =IFERROR((($A25*MW_beta)+((1-$A25)*MW_mibk))/B25-(($A25*MW_beta/B$33)+((1-$A25)*MW_mibk/B$23)),"") | H25: =IFERROR((($A25*MW_beta)+((1-$A25)*MW_mibk))/C25-(($A25*MW_beta/C$33)+((1-$A25)*MW_mibk/C$23)),"") | I25: =IFERROR((($A25*MW_beta)+((1-$A25)*MW_mibk))/D25-(($A25*MW_beta/D$33)+((1-$A25)*MW_mibk/D$23)),"") | J25: =IFERROR((($A25*MW_beta)+((1-$A25)*MW_mibk))/E25-(($A25*MW_beta/E$33)+((1-$A25)*MW_mibk/E$23)),"") | K25: =IFERROR((($A25*MW_beta)+((1-$A25)*MW_mibk))/F25-(($A25*MW_beta/F$33)+((1-$A25)*MW_mibk/F$23)),"")
A26: =G11 | B26: 0.8456 | C26: 0.83692 | D26: 0.82814 | E26: 0.81931 | F26: 0.81042 | G26: =IFERROR((($A26*MW_beta)+((1-$A26)*MW_mibk))/B26-(($A26*MW_beta/B$33)+((1-$A26)*MW_mibk/B$23)),"") | H26: =IFERROR((($A26*MW_beta)+((1-$A26)*MW_mibk))/C26-(($A26*MW_beta/C$33)+((1-$A26)*MW_mibk/C$23)),"") | I26: =IFERROR((($A26*MW_beta)+((1-$A26)*MW_mibk))/D26-(($A26*MW_beta/D$33)+((1-$A26)*MW_mibk/D$23)),"") | J26: =IFERROR((($A26*MW_beta)+((1-$A26)*MW_mibk))/E26-(($A26*MW_beta/E$33)+((1-$A26)*MW_mibk/E$23)),"") | K26: =IFERROR((($A26*MW_beta)+((1-$A26)*MW_mibk))/F26-(($A26*MW_beta/F$33)+((1-$A26)*MW_mibk/F$23)),"")
A27: =G12 | B27: 0.86044 | C27: 0.8519 | D27: 0.84327 | E27: 0.8346 | F27: 0.82588 | G27: =IFERROR((($A27*MW_beta)+((1-$A27)*MW_mibk))/B27-(($A27*MW_beta/B$33)+((1-$A27)*MW_mibk/B$23)),"") | H27: =IFERROR((($A27*MW_beta)+((1-$A27)*MW_mibk))/C27-(($A27*MW_beta/C$33)+((1-$A27)*MW_mibk/C$23)),"") | I27: =IFERROR((($A27*MW_beta)+((1-$A27)*MW_mibk))/D27-(($A27*MW_beta/D$33)+((1-$A27)*MW_mibk/D$23)),"") | J27: =IFERROR((($A27*MW_beta)+((1-$A27)*MW_mibk))/E27-(($A27*MW_beta/E$33)+((1-$A27)*MW_mibk/E$23)),"") | K27: =IFERROR((($A27*MW_beta)+((1-$A27)*MW_mibk))/F27-(($A27*MW_beta/F$33)+((1-$A27)*MW_mibk/F$23)),"")
A28: =G13 | B28: 0.87562 | C28: 0.86721 | D28: 0.85873 | E28: 0.85022 | F28: 0.84167 | G28: =IFERROR((($A28*MW_beta)+((1-$A28)*MW_mibk))/B28-(($A28*MW_beta/B$33)+((1-$A28)*MW_mibk/B$23)),"") | H28: =IFERROR((($A28*MW_beta)+((1-$A28)*MW_mibk))/C28-(($A28*MW_beta/C$33)+((1-$A28)*MW_mibk/C$23)),"") | I28: =IFERROR((($A28*MW_beta)+((1-$A28)*MW_mibk))/D28-(($A28*MW_beta/D$33)+((1-$A28)*MW_mibk/D$23)),"") | J28: =IFERROR((($A28*MW_beta)+((1-$A28)*MW_mibk))/E28-(($A28*MW_beta/E$33)+((1-$A28)*MW_mibk/E$23)),"") | K28: =IFERROR((($A28*MW_beta)+((1-$A28)*MW_mibk))/F28-(($A28*MW_beta/F$33)+((1-$A28)*MW_mibk/F$23)),"")
A29: =G14 | B29: 0.88947 | C29: 0.88119 | D29: 0.87285 | E29: 0.86448 | F29: 0.85608 | G29: =IFERROR((($A29*MW_beta)+((1-$A29)*MW_mibk))/B29-(($A29*MW_beta/B$33)+((1-$A29)*MW_mibk/B$23)),"") | H29: =IFERROR((($A29*MW_beta)+((1-$A29)*MW_mibk))/C29-(($A29*MW_beta/C$33)+((1-$A29)*MW_mibk/C$23)),"") | I29: =IFERROR((($A29*MW_beta)+((1-$A29)*MW_mibk))/D29-(($A29*MW_beta/D$33)+((1-$A29)*MW_mibk/D$23)),"") | J29: =IFERROR((($A29*MW_beta)+((1-$A29)*MW_mibk))/E29-(($A29*MW_beta/E$33)+((1-$A29)*MW_mibk/E$23)),"") | K29: =IFERROR((($A29*MW_beta)+((1-$A29)*MW_mibk))/F29-(($A29*MW_beta/F$33)+((1-$A29)*MW_mibk/F$23)),"")
A30: =G15 | B30: 0.90349 | C30: 0.89533 | D30: 0.88712 | E30: 0.8789 | F30: 0.87065 | G30: =IFERROR((($A30*MW_beta)+((1-$A30)*MW_mibk))/B30-(($A30*MW_beta/B$33)+((1-$A30)*MW_mibk/B$23)),"") | H30: =IFERROR((($A30*MW_beta)+((1-$A30)*MW_mibk))/C30-(($A30*MW_beta/C$33)+((1-$A30)*MW_mibk/C$23)),"") | I30: =IFERROR((($A30*MW_beta)+((1-$A30)*MW_mibk))/D30-(($A30*MW_beta/D$33)+((1-$A30)*MW_mibk/D$23)),"") | J30: =IFERROR((($A30*MW_beta)+((1-$A30)*MW_mibk))/E30-(($A30*MW_beta/E$33)+((1-$A30)*MW_mibk/E$23)),"") | K30: =IFERROR((($A30*MW_beta)+((1-$A30)*MW_mibk))/F30-(($A30*MW_beta/F$33)+((1-$A30)*MW_mibk/F$23)),"")
A31: =G16 | B31: 0.91698 | C31: 0.90893 | D31: 0.90086 | E31: 0.89277 | F31: 0.88464 | G31: =IFERROR((($A31*MW_beta)+((1-$A31)*MW_mibk))/B31-(($A31*MW_beta/B$33)+((1-$A31)*MW_mibk/B$23)),"") | H31: =IFERROR((($A31*MW_beta)+((1-$A31)*MW_mibk))/C31-(($A31*MW_beta/C$33)+((1-$A31)*MW_mibk/C$23)),"") | I31: =IFERROR((($A31*MW_beta)+((1-$A31)*MW_mibk))/D31-(($A31*MW_beta/D$33)+((1-$A31)*MW_mibk/D$23)),"") | J31: =IFERROR((($A31*MW_beta)+((1-$A31)*MW_mibk))/E31-(($A31*MW_beta/E$33)+((1-$A31)*MW_mibk/E$23)),"") | K31: =IFERROR((($A31*MW_beta)+((1-$A31)*MW_mibk))/F31-(($A31*MW_beta/F$33)+((1-$A31)*MW_mibk/F$23)),"")
A32: =G17 | B32: 0.9306 | C32: 0.92266 | D32: 0.91471 | E32: 0.90674 | F32: 0.89876 | G32: =IFERROR((($A32*MW_beta)+((1-$A32)*MW_mibk))/B32-(($A32*MW_beta/B$33)+((1-$A32)*MW_mibk/B$23)),"") | H32: =IFERROR((($A32*MW_beta)+((1-$A32)*MW_mibk))/C32-(($A32*MW_beta/C$33)+((1-$A32)*MW_mibk/C$23)),"") | I32: =IFERROR((($A32*MW_beta)+((1-$A32)*MW_mibk))/D32-(($A32*MW_beta/D$33)+((1-$A32)*MW_mibk/D$23)),"") | J32: =IFERROR((($A32*MW_beta)+((1-$A32)*MW_mibk))/E32-(($A32*MW_beta/E$33)+((1-$A32)*MW_mibk/E$23)),"") | K32: =IFERROR((($A32*MW_beta)+((1-$A32)*MW_mibk))/F32-(($A32*MW_beta/F$33)+((1-$A32)*MW_mibk/F$23)),"")
A33: =G18 -> 1 | B33: =densidad_viscosidad_puros!G65 -> 0.94498 | C33: =densidad_viscosidad_puros!G66 -> 0.93726 | D33: =densidad_viscosidad_puros!G67 -> 0.9295 | E33: =densidad_viscosidad_puros!G68 -> 0.92172 | F33: =densidad_viscosidad_puros!G69 -> 0.91396 | G33: =IFERROR((($A33*MW_beta)+((1-$A33)*MW_mibk))/B33-(($A33*MW_beta/B$33)+((1-$A33)*MW_mibk/B$23)),"") -> 0 | H33: =IFERROR((($A33*MW_beta)+((1-$A33)*MW_mibk))/C33-(($A33*MW_beta/C$33)+((1-$A33)*MW_mibk/C$23)),"") -> 0 | I33: =IFERROR((($A33*MW_beta)+((1-$A33)*MW_mibk))/D33-(($A33*MW_beta/D$33)+((1-$A33)*MW_mibk/D$23)),"") -> 0 | J33: =IFERROR((($A33*MW_beta)+((1-$A33)*MW_mibk))/E33-(($A33*MW_beta/E$33)+((1-$A33)*MW_mibk/E$23)),"") -> 0 | K33: =IFERROR((($A33*MW_beta)+((1-$A33)*MW_mibk))/F33-(($A33*MW_beta/F$33)+((1-$A33)*MW_mibk/F$23)),"") -> 0
B35: Viscosidad
A36: x1 | B36: 20 | C36: 30 | D36: 40 | E36: 50 | F36: 60
A37: =G8 -> 0 | B37: =densidad_viscosidad_puros!I45 -> 0.58507 | C37: =densidad_viscosidad_puros!I46 -> 0.5218 | D37: =densidad_viscosidad_puros!I47 -> 0.46729 | E37: =densidad_viscosidad_puros!I48 -> 0.42305 | F37: =densidad_viscosidad_puros!I49 -> 0.38771
A38: =G9 | B38: 0.702 | C38: 0.618 | D38: 0.549 | E38: 0.49 | F38: 0.442
A39: =G10 | B39: 0.837 | C39: 0.728 | D39: 0.639 | E39: 0.567 | F39: 0.508
A40: =G11 | B40: 1.065 | C40: 0.919 | D40: 0.795 | E40: 0.696 | F40: 0.617
A41: =G12 | B41: 1.305 | C41: 1.1 | D41: 0.942 | E41: 0.819 | F41: 0.72
A42: =G13 | B42: 1.681 | C42: 1.386 | D42: 1.168 | E42: 1.001 | F42: 0.869
A43: =G14 | B43: 2.205 | C43: 1.774 | D43: 1.464 | E43: 1.232 | F43: 1.055
A44: =G15 | B44: 2.98 | C44: 2.32 | D44: 1.865 | E44: 1.539 | F44: 1.297
A45: =G16 | B45: 4.251 | C45: 3.175 | D45: 2.471 | E45: 1.987 | F45: 1.638
A46: =G17 | B46: 6.532 | C46: 4.607 | D46: 3.431 | E46: 2.665 | F46: 2.139
A47: =G18 -> 1 | B47: =densidad_viscosidad_puros!I65 -> 11.31 | C47: =densidad_viscosidad_puros!I66 -> 7.323 | D47: =densidad_viscosidad_puros!I67 -> 5.121 | E47: =densidad_viscosidad_puros!I68 -> 3.792 | F47: =densidad_viscosidad_puros!I69 -> 2.938

Sheet dens_visc_beta+2octanone
C1: MM / g/mol
A2: beta | B2: 1 | C2: 192.3
A3: 2octanone | B3: 2 | C3: 128.21
E6: Actual
A7: Total Mass (g) | B7: Mass betaionone (trans) / g | C7: Mass 2-octanone /g | D7: Mole fraction betaionone | E7: Mass Beta-ionona (g) | F7: Mass 2MBOH (g) | G7: Mole Fraction Beta-ionona
A8: 5 | B8: =IF(D8=0, 0, IF(D8=1, A8, (D8*A8*$C$2)/($C$3*(1-D8)+$C$2*D8))) -> 0 | C8: =A8-B8 -> 5 | D8: 0 | G8: =IF(AND(E8=0,F8>0),0,"")
A9: 5 | B9: =IF(D9=0, 0, IF(D9=1, A9, (D9*A9*$C$2)/($C$3*(1-D9)+$C$2*D9))) -> 0.71423796 | C9: =A9-B9 -> 4.285762 | D9: 0.1 | G9: =IFERROR((E9*purity_beta/MW_beta)/((E9*purity_beta/MW_beta)+(F9*purity_2octanone/MW_2octanone)),"")
A10: 5 | B10: =IF(D10=0, 0, IF(D10=1, A10, (D10*A10*$C$2)/($C$3*(1-D10)+$C$2*D10))) -> 1.363559 | C10: =A10-B10 -> 3.636441 | D10: 0.2 | G10: =IFERROR((E10*purity_beta/MW_beta)/((E10*purity_beta/MW_beta)+(F10*purity_2octanone/MW_2octanone)),"")
A11: 5 | B11: =IF(D11=0, 0, IF(D11=1, A11, (D11*A11*$C$2)/($C$3*(1-D11)+$C$2*D11))) -> 1.9564288 | C11: =A11-B11 -> 3.0435712 | D11: 0.3 | G11: =IFERROR((E11*purity_beta/MW_beta)/((E11*purity_beta/MW_beta)+(F11*purity_2octanone/MW_2octanone)),"")
A12: 5 | B12: =IF(D12=0, 0, IF(D12=1, A12, (D12*A12*$C$2)/($C$3*(1-D12)+$C$2*D12))) -> 2.4999025 | C12: =A12-B12 -> 2.5000975 | D12: 0.4 | G12: =IFERROR((E12*purity_beta/MW_beta)/((E12*purity_beta/MW_beta)+(F12*purity_2octanone/MW_2octanone)),"")
A13: 5 | B13: =IF(D13=0, 0, IF(D13=1, A13, (D13*A13*$C$2)/($C$3*(1-D13)+$C$2*D13))) -> 2.9999064 | C13: =A13-B13 -> 2.0000936 | D13: 0.5 | G13: =IFERROR((E13*purity_beta/MW_beta)/((E13*purity_beta/MW_beta)+(F13*purity_2octanone/MW_2octanone)),"")
A14: 5 | B14: =IF(D14=0, 0, IF(D14=1, A14, (D14*A14*$C$2)/($C$3*(1-D14)+$C$2*D14))) -> 3.4614554 | C14: =A14-B14 -> 1.5385446 | D14: 0.6 | G14: =IFERROR((E14*purity_beta/MW_beta)/((E14*purity_beta/MW_beta)+(F14*purity_2octanone/MW_2octanone)),"")
A15: 5 | B15: =IF(D15=0, 0, IF(D15=1, A15, (D15*A15*$C$2)/($C$3*(1-D15)+$C$2*D15))) -> 3.8888215 | C15: =A15-B15 -> 1.1111785 | D15: 0.7 | G15: =IFERROR((E15*purity_beta/MW_beta)/((E15*purity_beta/MW_beta)+(F15*purity_2octanone/MW_2octanone)),"")
A16: 5 | B16: =IF(D16=0, 0, IF(D16=1, A16, (D16*A16*$C$2)/($C$3*(1-D16)+$C$2*D16))) -> 4.2856665 | C16: =A16-B16 -> 0.71433347 | D16: 0.8 | G16: =IFERROR((E16*purity_beta/MW_beta)/((E16*purity_beta/MW_beta)+(F16*purity_2octanone/MW_2octanone)),"")
A17: 5 | B17: =IF(D17=0, 0, IF(D17=1, A17, (D17*A17*$C$2)/($C$3*(1-D17)+$C$2*D17))) -> 4.6551474 | C17: =A17-B17 -> 0.34485263 | D17: 0.9 | G17: =IFERROR((E17*purity_beta/MW_beta)/((E17*purity_beta/MW_beta)+(F17*purity_2octanone/MW_2octanone)),"")
A18: 5 | B18: =IF(D18=0, 0, IF(D18=1, A18, (D18*A18*$C$2)/($C$3*(1-D18)+$C$2*D18))) -> 5 | C18: =A18-B18 -> 0 | D18: 1 | G18: =IF(AND(E18>0,F18=0),1,IFERROR((E18/MW_beta)/((E18/MW_beta)+(F18/MW_2octanone)),""))
B21: Densidad | G21: Volumen de Exceso
A22: x1 | B22: 20 | C22: 30 | D22: 40 | E22: 50 | F22: 60 | G22: 20 | H22: 30 | I22: 40 | J22: 50 | K22: 60
A23: =G8 | B23: =densidad_viscosidad_puros!G55 -> 0.81906 | C23: =densidad_viscosidad_puros!G56 -> 0.81089 | D23: =densidad_viscosidad_puros!G57 -> 0.80264 | E23: =densidad_viscosidad_puros!G58 -> 0.79435 | F23: =densidad_viscosidad_puros!G59 -> 0.78598 | G23: =IFERROR((($A23*MW_beta)+((1-$A23)*MW_2octanone))/B23-(($A23*MW_beta/B$33)+((1-$A23)*MW_2octanone/B$23)),"") | H23: =IFERROR((($A23*MW_beta)+((1-$A23)*MW_2octanone))/C23-(($A23*MW_beta/C$33)+((1-$A23)*MW_2octanone/C$23)),"") | I23: =IFERROR((($A23*MW_beta)+((1-$A23)*MW_2octanone))/D23-(($A23*MW_beta/D$33)+((1-$A23)*MW_2octanone/D$23)),"") | J23: =IFERROR((($A23*MW_beta)+((1-$A23)*MW_2octanone))/E23-(($A23*MW_beta/E$33)+((1-$A23)*MW_2octanone/E$23)),"") | K23: =IFERROR((($A23*MW_beta)+((1-$A23)*MW_2octanone))/F23-(($A23*MW_beta/F$33)+((1-$A23)*MW_2octanone/F$23)),"")
A24: =G9 | G24: =IFERROR((($A24*MW_beta)+((1-$A24)*MW_2octanone))/B24-(($A24*MW_beta/B$33)+((1-$A24)*MW_2octanone/B$23)),"") | H24: =IFERROR((($A24*MW_beta)+((1-$A24)*MW_2octanone))/C24-(($A24*MW_beta/C$33)+((1-$A24)*MW_2octanone/C$23)),"") | I24: =IFERROR((($A24*MW_beta)+((1-$A24)*MW_2octanone))/D24-(($A24*MW_beta/D$33)+((1-$A24)*MW_2octanone/D$23)),"") | J24: =IFERROR((($A24*MW_beta)+((1-$A24)*MW_2octanone))/E24-(($A24*MW_beta/E$33)+((1-$A24)*MW_2octanone/E$23)),"") | K24: =IFERROR((($A24*MW_beta)+((1-$A24)*MW_2octanone))/F24-(($A24*MW_beta/F$33)+((1-$A24)*MW_2octanone/F$23)),"")
A25: =G10 | G25: =IFERROR((($A25*MW_beta)+((1-$A25)*MW_2octanone))/B25-(($A25*MW_beta/B$33)+((1-$A25)*MW_2octanone/B$23)),"") | H25: =IFERROR((($A25*MW_beta)+((1-$A25)*MW_2octanone))/C25-(($A25*MW_beta/C$33)+((1-$A25)*MW_2octanone/C$23)),"") | I25: =IFERROR((($A25*MW_beta)+((1-$A25)*MW_2octanone))/D25-(($A25*MW_beta/D$33)+((1-$A25)*MW_2octanone/D$23)),"") | J25: =IFERROR((($A25*MW_beta)+((1-$A25)*MW_2octanone))/E25-(($A25*MW_beta/E$33)+((1-$A25)*MW_2octanone/E$23)),"") | K25: =IFERROR((($A25*MW_beta)+((1-$A25)*MW_2octanone))/F25-(($A25*MW_beta/F$33)+((1-$A25)*MW_2octanone/F$23)),"")
A26: =G11 | G26: =IFERROR((($A26*MW_beta)+((1-$A26)*MW_2octanone))/B26-(($A26*MW_beta/B$33)+((1-$A26)*MW_2octanone/B$23)),"") | H26: =IFERROR((($A26*MW_beta)+((1-$A26)*MW_2octanone))/C26-(($A26*MW_beta/C$33)+((1-$A26)*MW_2octanone/C$23)),"") | I26: =IFERROR((($A26*MW_beta)+((1-$A26)*MW_2octanone))/D26-(($A26*MW_beta/D$33)+((1-$A26)*MW_2octanone/D$23)),"") | J26: =IFERROR((($A26*MW_beta)+((1-$A26)*MW_2octanone))/E26-(($A26*MW_beta/E$33)+((1-$A26)*MW_2octanone/E$23)),"") | K26: =IFERROR((($A26*MW_beta)+((1-$A26)*MW_2octanone))/F26-(($A26*MW_beta/F$33)+((1-$A26)*MW_2octanone/F$23)),"")
A27: =G12 | G27: =IFERROR((($A27*MW_beta)+((1-$A27)*MW_2octanone))/B27-(($A27*MW_beta/B$33)+((1-$A27)*MW_2octanone/B$23)),"") | H27: =IFERROR((($A27*MW_beta)+((1-$A27)*MW_2octanone))/C27-(($A27*MW_beta/C$33)+((1-$A27)*MW_2octanone/C$23)),"") | I27: =IFERROR((($A27*MW_beta)+((1-$A27)*MW_2octanone))/D27-(($A27*MW_beta/D$33)+((1-$A27)*MW_2octanone/D$23)),"") | J27: =IFERROR((($A27*MW_beta)+((1-$A27)*MW_2octanone))/E27-(($A27*MW_beta/E$33)+((1-$A27)*MW_2octanone/E$23)),"") | K27: =IFERROR((($A27*MW_beta)+((1-$A27)*MW_2octanone))/F27-(($A27*MW_beta/F$33)+((1-$A27)*MW_2octanone/F$23)),"")
A28: =G13 | G28: =IFERROR((($A28*MW_beta)+((1-$A28)*MW_2octanone))/B28-(($A28*MW_beta/B$33)+((1-$A28)*MW_2octanone/B$23)),"") | H28: =IFERROR((($A28*MW_beta)+((1-$A28)*MW_2octanone))/C28-(($A28*MW_beta/C$33)+((1-$A28)*MW_2octanone/C$23)),"") | I28: =IFERROR((($A28*MW_beta)+((1-$A28)*MW_2octanone))/D28-(($A28*MW_beta/D$33)+((1-$A28)*MW_2octanone/D$23)),"") | J28: =IFERROR((($A28*MW_beta)+((1-$A28)*MW_2octanone))/E28-(($A28*MW_beta/E$33)+((1-$A28)*MW_2octanone/E$23)),"") | K28: =IFERROR((($A28*MW_beta)+((1-$A28)*MW_2octanone))/F28-(($A28*MW_beta/F$33)+((1-$A28)*MW_2octanone/F$23)),"")
A29: =G14 | G29: =IFERROR((($A29*MW_beta)+((1-$A29)*MW_2octanone))/B29-(($A29*MW_beta/B$33)+((1-$A29)*MW_2octanone/B$23)),"") | H29: =IFERROR((($A29*MW_beta)+((1-$A29)*MW_2octanone))/C29-(($A29*MW_beta/C$33)+((1-$A29)*MW_2octanone/C$23)),"") | I29: =IFERROR((($A29*MW_beta)+((1-$A29)*MW_2octanone))/D29-(($A29*MW_beta/D$33)+((1-$A29)*MW_2octanone/D$23)),"") | J29: =IFERROR((($A29*MW_beta)+((1-$A29)*MW_2octanone))/E29-(($A29*MW_beta/E$33)+((1-$A29)*MW_2octanone/E$23)),"") | K29: =IFERROR((($A29*MW_beta)+((1-$A29)*MW_2octanone))/F29-(($A29*MW_beta/F$33)+((1-$A29)*MW_2octanone/F$23)),"")
A30: =G15 | G30: =IFERROR((($A30*MW_beta)+((1-$A30)*MW_2octanone))/B30-(($A30*MW_beta/B$33)+((1-$A30)*MW_2octanone/B$23)),"") | H30: =IFERROR((($A30*MW_beta)+((1-$A30)*MW_2octanone))/C30-(($A30*MW_beta/C$33)+((1-$A30)*MW_2octanone/C$23)),"") | I30: =IFERROR((($A30*MW_beta)+((1-$A30)*MW_2octanone))/D30-(($A30*MW_beta/D$33)+((1-$A30)*MW_2octanone/D$23)),"") | J30: =IFERROR((($A30*MW_beta)+((1-$A30)*MW_2octanone))/E30-(($A30*MW_beta/E$33)+((1-$A30)*MW_2octanone/E$23)),"") | K30: =IFERROR((($A30*MW_beta)+((1-$A30)*MW_2octanone))/F30-(($A30*MW_beta/F$33)+((1-$A30)*MW_2octanone/F$23)),"")
A31: =G16 | G31: =IFERROR((($A31*MW_beta)+((1-$A31)*MW_2octanone))/B31-(($A31*MW_beta/B$33)+((1-$A31)*MW_2octanone/B$23)),"") | H31: =IFERROR((($A31*MW_beta)+((1-$A31)*MW_2octanone))/C31-(($A31*MW_beta/C$33)+((1-$A31)*MW_2octanone/C$23)),"") | I31: =IFERROR((($A31*MW_beta)+((1-$A31)*MW_2octanone))/D31-(($A31*MW_beta/D$33)+((1-$A31)*MW_2octanone/D$23)),"") | J31: =IFERROR((($A31*MW_beta)+((1-$A31)*MW_2octanone))/E31-(($A31*MW_beta/E$33)+((1-$A31)*MW_2octanone/E$23)),"") | K31: =IFERROR((($A31*MW_beta)+((1-$A31)*MW_2octanone))/F31-(($A31*MW_beta/F$33)+((1-$A31)*MW_2octanone/F$23)),"")
A32: =G17 | G32: =IFERROR((($A32*MW_beta)+((1-$A32)*MW_2octanone))/B32-(($A32*MW_beta/B$33)+((1-$A32)*MW_2octanone/B$23)),"") | H32: =IFERROR((($A32*MW_beta)+((1-$A32)*MW_2octanone))/C32-(($A32*MW_beta/C$33)+((1-$A32)*MW_2octanone/C$23)),"") | I32: =IFERROR((($A32*MW_beta)+((1-$A32)*MW_2octanone))/D32-(($A32*MW_beta/D$33)+((1-$A32)*MW_2octanone/D$23)),"") | J32: =IFERROR((($A32*MW_beta)+((1-$A32)*MW_2octanone))/E32-(($A32*MW_beta/E$33)+((1-$A32)*MW_2octanone/E$23)),"") | K32: =IFERROR((($A32*MW_beta)+((1-$A32)*MW_2octanone))/F32-(($A32*MW_beta/F$33)+((1-$A32)*MW_2octanone/F$23)),"")
A33: =G18 | B33: =densidad_viscosidad_puros!G65 -> 0.94498 | C33: =densidad_viscosidad_puros!G66 -> 0.93726 | D33: =densidad_viscosidad_puros!G67 -> 0.9295 | E33: =densidad_viscosidad_puros!G68 -> 0.92172 | F33: =densidad_viscosidad_puros!G69 -> 0.91396 | G33: =IFERROR((($A33*MW_beta)+((1-$A33)*MW_2octanone))/B33-(($A33*MW_beta/B$33)+((1-$A33)*MW_2octanone/B$23)),"") | H33: =IFERROR((($A33*MW_beta)+((1-$A33)*MW_2octanone))/C33-(($A33*MW_beta/C$33)+((1-$A33)*MW_2octanone/C$23)),"") | I33: =IFERROR((($A33*MW_beta)+((1-$A33)*MW_2octanone))/D33-(($A33*MW_beta/D$33)+((1-$A33)*MW_2octanone/D$23)),"") | J33: =IFERROR((($A33*MW_beta)+((1-$A33)*MW_2octanone))/E33-(($A33*MW_beta/E$33)+((1-$A33)*MW_2octanone/E$23)),"") | K33: =IFERROR((($A33*MW_beta)+((1-$A33)*MW_2octanone))/F33-(($A33*MW_beta/F$33)+((1-$A33)*MW_2octanone/F$23)),"")
B35: Viscosidad
A36: x1 | B36: 20 | C36: 30 | D36: 40 | E36: 50 | F36: 60
A37: =G8 | B37: =densidad_viscosidad_puros!I55 -> 1.01 | C37: =densidad_viscosidad_puros!I56 -> 0.869 | D37: =densidad_viscosidad_puros!I57 -> 0.758 | E37: =densidad_viscosidad_puros!I58 -> 0.668 | F37: =densidad_viscosidad_puros!I59 -> 0.595
A38: =G9
A39: =G10
A40: =G11
A41: =G12
A42: =G13
A43: =G14
A44: =G15
A45: =G16
A46: =G17
A47: =G18 | B47: =densidad_viscosidad_puros!I65 -> 11.31 | C47: =densidad_viscosidad_puros!I66 -> 7.323 | D47: =densidad_viscosidad_puros!I67 -> 5.121 | E47: =densidad_viscosidad_puros!I68 -> 3.792 | F47: =densidad_viscosidad_puros!I69 -> 2.938

Sheet vanesa_stuff
A2: Lovis / DMA
A3: Id. de la muestra única | B3: Fecha | C3: Hora | D3: Nombre de la muestra | F3: Densidad | G3: Temperatura de densidad | H3: Viscosidad dinámica Lovis | I3: Viscosidad cinemática Lovis | J3: Temperatura de Lovis | K3: Coeficiente de variación Lovis
D4: - | F4: g/cm³ | G4: °C | H4: mPa·s | I4: mm²/s | J4: °C | K4: %
A5: 235 | B5: 31-03-2026 | C5: 0.53643519 | D5: Vanesa_O.1_1 | F5: --- | G5: --- | H5: --- | I5: --- | J5: --- | K5: ---
A6: 236 | B6: 31-03-2026 | C6: 0.50929398 | D6: Vanesa_O.1_1 | F6: 0.8404 | G6: 20 | H6: 9.21 | I6: 10.96 | J6: 19.99 | K6: 0.15
A7: 237 | B7: 31-03-2026 | C7: 0.51527778 | D7: Vanesa_O.1_1 | F7: 0.8334 | G7: 30.01 | H7: 6.216 | I7: 7.459 | J7: 30 | K7: 0.08
A8: 238 | B8: 31-03-2026 | C8: 0.52277778 | D8: Vanesa_O.1_1 | F8: 0.8264 | G8: 40.01 | H8: 4.548 | I8: 5.503 | J8: 39.99 | K8: 0.74
A9: 239 | B9: 31-03-2026 | C9: 0.52711806 | D9: Vanesa_O.1_1 | F9: 0.8192 | G9: 50.01 | H9: 3.373 | I9: 4.117 | J9: 49.96 | K9: 0.07
A10: 240 | B10: 31-03-2026 | C10: 0.53641204 | D10: Vanesa_O.1_1 | F10: 0.8119 | G10: 60.01 | H10: 2.585 | I10: 3.184 | J10: 59.97 | K10: 0.05
A12: 242 | B12: 31-03-2026 | C12: 0.55012731 | D12: Vanesa_O.2_2 | F12: 0.8559 | G12: 19.98 | H12: 9.121 | I12: 10.66 | J12: 20.03 | K12: 0.04
A13: 243 | B13: 31-03-2026 | C13: 0.55752315 | D13: Vanesa_O.2_2 | F13: 0.8489 | G13: 30.01 | H13: 6.348 | I13: 7.478 | J13: 29.99 | K13: 0.02
A14: 244 | B14: 31-03-2026 | C14: 0.56460648 | D14: Vanesa_O.2_2 | F14: 0.8418 | G14: 40.01 | H14: 4.561 | I14: 5.418 | J14: 40.02 | K14: 0
A15: 245 | B15: 31-03-2026 | C15: 0.56880787 | D15: Vanesa_O.2_2 | F15: 0.8346 | G15: 50.01 | H15: 3.37 | I15: 4.037 | J15: 49.98 | K15: 0.05
A16: 246 | B16: 31-03-2026 | C16: 0.57534722 | D16: Vanesa_O.2_2 | F16: 0.8273 | G16: 60.01 | H16: 2.576 | I16: 3.114 | J16: 60.04 | K16: 0.09
A18: 248 | B18: 31-03-2026 | C18: 0.59292824 | D18: Vanesa_O.3_3 | F18: 0.8731 | G18: 19.99 | H18: 9.228 | I18: 10.57 | J18: 20.01 | K18: 0.04
A19: 249 | B19: 31-03-2026 | C19: 0.5978125 | D19: Vanesa_O.3_3 | F19: 0.866 | G19: 30.01 | H19: 6.38 | I19: 7.367 | J19: 29.95 | K19: 0.07
... A33: 267 | B33: 31-03-2026 | C33: 0.69049769 | D33: Vanesa_O.5_7 | F33: 0.8868 | G33: 50.01 | H33: 3.496 | I33: 3.943 | J33: 49.94 | K33: 0.03
A34: 269 | B34: 31-03-2026 | C34: 0.71097222 | D34: Vanesa_O.5 60°C_8 | F34: 0.8793 | G34: 60.01 | H34: 2.625 | I34: 2.985 | J34: 59.88 | K34: ---
A36: 291 | B36: 46026 | C36: 0.57831019 | D36: Vanesa_O.6_V2_4 | F36: 0.928 | G36: 19.99 | H36: 10.01 | I36: 10.78 | J36: 19.99 | K36: 0.02
A37: 292 | B37: 46026 | C37: 0.58465278 | D37: Vanesa_O.6_V2_4 | F37: 0.9208 | G37: 30.01 | H37: 6.767 | I37: 7.349 | J37: 30.08 | K37: 0.02
A38: 293 | B38: 46026 | C38: 0.58875 | D38: Vanesa_O.6_V2_4 | F38: 0.9135 | G38: 40.01 | H38: 4.838 | I38: 5.296 | J38: 39.91 | K38: 0.07
A39: 294 | B39: 46026 | C39: 0.59253472 | D39: Vanesa_O.6_V2_4 | F39: 0.9061 | G39: 50.01 | H39: 3.529 | I39: 3.895 | J39: 50 | K39: 0.02
A40: 295 | B40: 46026 | C40: 0.59924769 | D40: Vanesa_O.6_V2_4 | F40: 0.8986 | G40: 60.01 | H40: 2.679 | I40: 2.982 | J40: 60.2 | K40: 0.05
A42: 297 | B42: 46026 | C42: 0.6321412 | D42: Vanesa_O.7_5 | F42: 0.9491 | G42: 19.99 | H42: 10.67 | I42: 11.24 | J42: 19.92 | K42: 0.04
A43: 298 | B43: 46026 | C43: 0.64137731 | D43: Vanesa_O.7_5 | F43: 0.9418 | G43: 30.01 | H43: 7.119 | I43: 7.559 | J43: 29.92 | K43: 0
A44: 299 | B44: 46026 | C44: 0.64739583 | D44: Vanesa_O.7_5 | F44: 0.9344 | G44: 40.01 | H44: 4.999 | I44: 5.35 | J44: 39.84 | K44: 0.07
A45: 300 | B45: 46026 | C45: 0.65363426 | D45: Vanesa_O.7_5 | F45: 0.927 | G45: 50.01 | H45: 3.648 | I45: 3.935 | J45: 50.01 | K45: 0.03
A46: 301 | B46: 46026 | C46: 0.66506944 | D46: Vanesa_O.7_5 | F46: 0.9194 | G46: 60.01 | H46: 2.783 | I46: 3.027 | J46: 59.78 | K46: 0.03
A48: 303 | B48: 46026 | C48: 0.68672454 | D48: Vanesa_O.8_6 | F48: 0.9707 | G48: 19.99 | H48: 11.35 | I48: 11.69 | J48: 20.1 | K48: 0.3
A49: 304 | B49: 46026 | C49: 0.69196759 | D49: Vanesa_O.8_6 | F49: 0.9634 | G49: 30.01 | H49: 7.488 | I49: 7.772 | J49: 30 | K49: 0.04
... A112: 411 | B112: 46177 | C112: 0.58011574 | D112: 2m2boh_0.9-v1_2 | F112: 0.9705 | G112: 60.01 | H112: 2.976 | I112: 3.066 | J112: 60 | K112: 0.01

Sheet dens_visc_2pe+2m3b2oh
C1: MM / g/mol | E1: PUBLICADO
A2: 2pe | B2: 1 | C2: 122.16
A3: 2m3b2oh | B3: 2 | C3: 86.13
E6: Actual
A7: Total Mass (g) | B7: Mass 2-phenylethanol / g | C7: Mass 2-methyl-3-buten-2-ol /g | D7: Mole fraction 2-phenylethanol | E7: Mass 2-phenylethanol... (g) | F7: Mass 2-methyl-3-bute... (g) | G7: Mole Fraction 2-phenylethanol...
A8: 5 | B8: =IF(D8=0, 0, IF(D8=1, A8, (D8*A8*$C$2)/($C$3*(1-D8)+$C$2*D8))) -> 0 | C8: =A8-B8 -> 5 | D8: 0 | E8: 0 | F8: 1 | G8: =IF(AND(E8=0,F8>0),0,"") -> 0
A9: 5 | B9: =IF(D9=0, 0, IF(D9=1, A9, (D9*A9*$C$2)/($C$3*(1-D9)+$C$2*D9))) -> 0.68068604 | C9: =A9-B9 -> 4.319314 | D9: 0.1 | E9: 0.6962 | F9: 4.2371 | G9: =IFERROR((E9*purity_2pe/MW_2pe)/((E9*purity_2pe/MW_2pe)+(F9*purity_2m3b2oh/MW_2m3b2oh)),"") -> 0.10419457
A10: 5 | B10: =IF(D10=0, 0, IF(D10=1, A10, (D10*A10*$C$2)/($C$3*(1-D10)+$C$2*D10))) -> 1.3088197 | C10: =A10-B10 -> 3.6911803 | D10: 0.2 | E10: 1.294 | F10: 3.6392 | G10: =IFERROR((E10*purity_2pe/MW_2pe)/((E10*purity_2pe/MW_2pe)+(F10*purity_2m3b2oh/MW_2m3b2oh)),"") -> 0.20109067
A11: 5 | B11: =IF(D11=0, 0, IF(D11=1, A11, (D11*A11*$C$2)/($C$3*(1-D11)+$C$2*D11))) -> 1.8902609 | C11: =A11-B11 -> 3.1097391 | D11: 0.3 | E11: 1.8553 | F11: 3.064 | G11: =IFERROR((E11*purity_2pe/MW_2pe)/((E11*purity_2pe/MW_2pe)+(F11*purity_2m3b2oh/MW_2m3b2oh)),"") -> 0.300033
A12: 5 | B12: =IF(D12=0, 0, IF(D12=1, A12, (D12*A12*$C$2)/($C$3*(1-D12)+$C$2*D12))) -> 2.4300292 | C12: =A12-B12 -> 2.5699708 | D12: 0.4 | E12: 2.4117 | F12: 2.4753 | G12: =IFERROR((E12*purity_2pe/MW_2pe)/((E12*purity_2pe/MW_2pe)+(F12*purity_2m3b2oh/MW_2m3b2oh)),"") -> 0.40817969
A13: 5 | B13: =IF(D13=0, 0, IF(D13=1, A13, (D13*A13*$C$2)/($C$3*(1-D13)+$C$2*D13))) -> 2.9324499 | C13: =A13-B13 -> 2.0675501 | D13: 0.5 | E13: 2.9291 | F13: 2.1391 | G13: =IFERROR((E13*purity_2pe/MW_2pe)/((E13*purity_2pe/MW_2pe)+(F13*purity_2m3b2oh/MW_2m3b2oh)),"") -> 0.49221167
A14: 5 | B14: =IF(D14=0, 0, IF(D14=1, A14, (D14*A14*$C$2)/($C$3*(1-D14)+$C$2*D14))) -> 3.4012696 | C14: =A14-B14 -> 1.5987304 | D14: 0.6 | E14: 3.3962 | F14: 1.5714 | G14: =IFERROR((E14*purity_2pe/MW_2pe)/((E14*purity_2pe/MW_2pe)+(F14*purity_2m3b2oh/MW_2m3b2oh)),"") -> 0.60473272
A15: 5 | B15: =IF(D15=0, 0, IF(D15=1, A15, (D15*A15*$C$2)/($C$3*(1-D15)+$C$2*D15))) -> 3.83975 | C15: =A15-B15 -> 1.16025 | D15: 0.7 | E15: 3.8352 | F15: 1.1528 | G15: =IFERROR((E15*purity_2pe/MW_2pe)/((E15*purity_2pe/MW_2pe)+(F15*purity_2m3b2oh/MW_2m3b2oh)),"") -> 0.70194185
A16: 5 | B16: =IF(D16=0, 0, IF(D16=1, A16, (D16*A16*$C$2)/($C$3*(1-D16)+$C$2*D16))) -> 4.2507438 | C16: =A16-B16 -> 0.74925622 | D16: 0.8 | E16: 4.2186 | F16: 0.7379 | G16: =IFERROR((E16*purity_2pe/MW_2pe)/((E16*purity_2pe/MW_2pe)+(F16*purity_2m3b2oh/MW_2m3b2oh)),"") -> 0.80186385
A17: 5 | B17: =IF(D17=0, 0, IF(D17=1, A17, (D17*A17*$C$2)/($C$3*(1-D17)+$C$2*D17))) -> 4.636757 | C17: =A17-B17 -> 0.363243 | D17: 0.9 | E17: 4.6901 | F17: 0.3682 | G17: =IFERROR((E17*purity_2pe/MW_2pe)/((E17*purity_2pe/MW_2pe)+(F17*purity_2m3b2oh/MW_2m3b2oh)),"") -> 0.90017019
A18: 5 | B18: =IF(D18=0, 0, IF(D18=1, A18, (D18*A18*$C$2)/($C$3*(1-D18)+$C$2*D18))) -> 5 | C18: =A18-B18 -> 0 | D18: 1 | E18: 1 | F18: 0 | G18: =IF(AND(E18>0,F18=0),1,IFERROR((E18/MW_2pe)/((E18/MW_2pe)+(F18/MW_2m3b2oh)),"")) -> 1
A20: Volumen de exceso
B21: Densidad | G21: Volumen de Exceso
A22: x1 | B22: 20 | C22: 30 | D22: 40 | E22: 50 | F22: 60 | G22: 20 | H22: 30 | I22: 40 | J22: 50 | K22: 60
A23: =G8 -> 0 | B23: =densidad_viscosidad_puros!G5 -> 0.82388 | C23: =densidad_viscosidad_puros!G6 -> 0.81447 | D23: =densidad_viscosidad_puros!G7 -> 0.8047 | E23: =densidad_viscosidad_puros!G8 -> 0.79458 | F23: =densidad_viscosidad_puros!G9 -> 0.7841 | G23: =IFERROR((($A23*MW_2pe)+((1-$A23)*MW_2m3b2oh))/B23-(($A23*MW_2pe/B$33)+((1-$A23)*MW_2m3b2oh/B$23)),"") -> 0 | H23: =IFERROR((($A23*MW_2pe)+((1-$A23)*MW_2m3b2oh))/C23-(($A23*MW_2pe/C$33)+((1-$A23)*MW_2m3b2oh/C$23)),"") -> 0 | I23: =IFERROR((($A23*MW_2pe)+((1-$A23)*MW_2m3b2oh))/D23-(($A23*MW_2pe/D$33)+((1-$A23)*MW_2m3b2oh/D$23)),"") -> 0 | J23: =IFERROR((($A23*MW_2pe)+((1-$A23)*MW_2m3b2oh))/E23-(($A23*MW_2pe/E$33)+((1-$A23)*MW_2m3b2oh/E$23)),"") -> 0 | K23: =IFERROR((($A23*MW_2pe)+((1-$A23)*MW_2m3b2oh))/F23-(($A23*MW_2pe/F$33)+((1-$A23)*MW_2m3b2oh/F$23)),"") -> 0
A24: =G9 -> 0.10419457 | B24: 0.84994 | C24: 0.84064 | D24: 0.83113 | E24: 0.82133 | F24: 0.81124 | G24: =IFERROR((($A24*MW_2pe)+((1-$A24)*MW_2m3b2oh))/B24-(($A24*MW_2pe/B$33)+((1-$A24)*MW_2m3b2oh/B$23)),"") -> -0.3763896 | H24: =IFERROR((($A24*MW_2pe)+((1-$A24)*MW_2m3b2oh))/C24-(($A24*MW_2pe/C$33)+((1-$A24)*MW_2m3b2oh/C$23)),"") -> -0.37976276 | I24: =IFERROR((($A24*MW_2pe)+((1-$A24)*MW_2m3b2oh))/D24-(($A24*MW_2pe/D$33)+((1-$A24)*MW_2m3b2oh/D$23)),"") -> -0.40029182 | J24: =IFERROR((($A24*MW_2pe)+((1-$A24)*MW_2m3b2oh))/E24-(($A24*MW_2pe/E$33)+((1-$A24)*MW_2m3b2oh/E$23)),"") -> -0.42733118 | K24: =IFERROR((($A24*MW_2pe)+((1-$A24)*MW_2m3b2oh))/F24-(($A24*MW_2pe/F$33)+((1-$A24)*MW_2m3b2oh/F$23)),"") -> -0.46279018
A25: =G10 -> 0.20109067 | B25: 0.87251 | C25: 0.86356 | D25: 0.85433 | E25: 0.84486 | F25: 0.83511 | G25: =IFERROR((($A25*MW_2pe)+((1-$A25)*MW_2m3b2oh))/B25-(($A25*MW_2pe/B$33)+((1-$A25)*MW_2m3b2oh/B$23)),"") -> -0.58745426 | H25: =IFERROR((($A25*MW_2pe)+((1-$A25)*MW_2m3b2oh))/C25-(($A25*MW_2pe/C$33)+((1-$A25)*MW_2m3b2oh/C$23)),"") -> -0.6195369 | I25: =IFERROR((($A25*MW_2pe)+((1-$A25)*MW_2m3b2oh))/D25-(($A25*MW_2pe/D$33)+((1-$A25)*MW_2m3b2oh/D$23)),"") -> -0.65816265 | J25: =IFERROR((($A25*MW_2pe)+((1-$A25)*MW_2m3b2oh))/E25-(($A25*MW_2pe/E$33)+((1-$A25)*MW_2m3b2oh/E$23)),"") -> -0.7079248 | K25: =IFERROR((($A25*MW_2pe)+((1-$A25)*MW_2m3b2oh))/F25-(($A25*MW_2pe/F$33)+((1-$A25)*MW_2m3b2oh/F$23)),"") -> -0.76565921
A26: =G11 -> 0.300033 | B26: 0.89367 | C26: 0.88491 | D26: 0.87595 | E26: 0.86678 | F26: 0.85736 | G26: =IFERROR((($A26*MW_2pe)+((1-$A26)*MW_2m3b2oh))/B26-(($A26*MW_2pe/B$33)+((1-$A26)*MW_2m3b2oh/B$23)),"") -> -0.6402889 | H26: =IFERROR((($A26*MW_2pe)+((1-$A26)*MW_2m3b2oh))/C26-(($A26*MW_2pe/C$33)+((1-$A26)*MW_2m3b2oh/C$23)),"") -> -0.67494126 | I26: =IFERROR((($A26*MW_2pe)+((1-$A26)*MW_2m3b2oh))/D26-(($A26*MW_2pe/D$33)+((1-$A26)*MW_2m3b2oh/D$23)),"") -> -0.72326916 | J26: =IFERROR((($A26*MW_2pe)+((1-$A26)*MW_2m3b2oh))/E26-(($A26*MW_2pe/E$33)+((1-$A26)*MW_2m3b2oh/E$23)),"") -> -0.78385473 | K26: =IFERROR((($A26*MW_2pe)+((1-$A26)*MW_2m3b2oh))/F26-(($A26*MW_2pe/F$33)+((1-$A26)*MW_2m3b2oh/F$23)),"") -> -0.85358591
A27: =G12 -> 0.40817969 | B27: 0.91618 | C27: 0.90767 | D27: 0.89901 | E27: 0.89015 | F27: 0.88111 | G27: =IFERROR((($A27*MW_2pe)+((1-$A27)*MW_2m3b2oh))/B27-(($A27*MW_2pe/B$33)+((1-$A27)*MW_2m3b2oh/B$23)),"") -> -0.70062302 | H27: =IFERROR((($A27*MW_2pe)+((1-$A27)*MW_2m3b2oh))/C27-(($A27*MW_2pe/C$33)+((1-$A27)*MW_2m3b2oh/C$23)),"") -> -0.74137906 | I27: =IFERROR((($A27*MW_2pe)+((1-$A27)*MW_2m3b2oh))/D27-(($A27*MW_2pe/D$33)+((1-$A27)*MW_2m3b2oh/D$23)),"") -> -0.79864724 | J27: =IFERROR((($A27*MW_2pe)+((1-$A27)*MW_2m3b2oh))/E27-(($A27*MW_2pe/E$33)+((1-$A27)*MW_2m3b2oh/E$23)),"") -> -0.86611204 | K27: =IFERROR((($A27*MW_2pe)+((1-$A27)*MW_2m3b2oh))/F27-(($A27*MW_2pe/F$33)+((1-$A27)*MW_2m3b2oh/F$23)),"") -> -0.94825214
A28: =G13 -> 0.49221167 | B28: 0.93261 | C28: 0.92431 | D28: 0.91587 | E28: 0.90725 | F28: 0.89845 | G28: =IFERROR((($A28*MW_2pe)+((1-$A28)*MW_2m3b2oh))/B28-(($A28*MW_2pe/B$33)+((1-$A28)*MW_2m3b2oh/B$23)),"") -> -0.6738423 | H28: =IFERROR((($A28*MW_2pe)+((1-$A28)*MW_2m3b2oh))/C28-(($A28*MW_2pe/C$33)+((1-$A28)*MW_2m3b2oh/C$23)),"") -> -0.71861357 | I28: =IFERROR((($A28*MW_2pe)+((1-$A28)*MW_2m3b2oh))/D28-(($A28*MW_2pe/D$33)+((1-$A28)*MW_2m3b2oh/D$23)),"") -> -0.77829185 | J28: =IFERROR((($A28*MW_2pe)+((1-$A28)*MW_2m3b2oh))/E28-(($A28*MW_2pe/E$33)+((1-$A28)*MW_2m3b2oh/E$23)),"") -> -0.84775987 | K28: =IFERROR((($A28*MW_2pe)+((1-$A28)*MW_2m3b2oh))/F28-(($A28*MW_2pe/F$33)+((1-$A28)*MW_2m3b2oh/F$23)),"") -> -0.92873363
A29: =G14 -> 0.60473272 | B29: 0.95358 | C29: 0.94558 | D29: 0.93742 | E29: 0.9291 | F29: 0.9206 | G29: =IFERROR((($A29*MW_2pe)+((1-$A29)*MW_2m3b2oh))/B29-(($A29*MW_2pe/B$33)+((1-$A29)*MW_2m3b2oh/B$23)),"") -> -0.58632823 | H29: =IFERROR((($A29*MW_2pe)+((1-$A29)*MW_2m3b2oh))/C29-(($A29*MW_2pe/C$33)+((1-$A29)*MW_2m3b2oh/C$23)),"") -> -0.63641892 | I29: =IFERROR((($A29*MW_2pe)+((1-$A29)*MW_2m3b2oh))/D29-(($A29*MW_2pe/D$33)+((1-$A29)*MW_2m3b2oh/D$23)),"") -> -0.69500354 | J29: =IFERROR((($A29*MW_2pe)+((1-$A29)*MW_2m3b2oh))/E29-(($A29*MW_2pe/E$33)+((1-$A29)*MW_2m3b2oh/E$23)),"") -> -0.76161045 | K29: =IFERROR((($A29*MW_2pe)+((1-$A29)*MW_2m3b2oh))/F29-(($A29*MW_2pe/F$33)+((1-$A29)*MW_2m3b2oh/F$23)),"") -> -0.83508903
A30: =G15 -> 0.70194185 | B30: 0.97081 | C30: 0.96301 | D30: 0.95504 | E30: 0.94694 | F30: 0.93868 | G30: =IFERROR((($A30*MW_2pe)+((1-$A30)*MW_2m3b2oh))/B30-(($A30*MW_2pe/B$33)+((1-$A30)*MW_2m3b2oh/B$23)),"") -> -0.46866203 | H30: =IFERROR((($A30*MW_2pe)+((1-$A30)*MW_2m3b2oh))/C30-(($A30*MW_2pe/C$33)+((1-$A30)*MW_2m3b2oh/C$23)),"") -> -0.51444331 | I30: =IFERROR((($A30*MW_2pe)+((1-$A30)*MW_2m3b2oh))/D30-(($A30*MW_2pe/D$33)+((1-$A30)*MW_2m3b2oh/D$23)),"") -> -0.56367653 | J30: =IFERROR((($A30*MW_2pe)+((1-$A30)*MW_2m3b2oh))/E30-(($A30*MW_2pe/E$33)+((1-$A30)*MW_2m3b2oh/E$23)),"") -> -0.6205409 | K30: =IFERROR((($A30*MW_2pe)+((1-$A30)*MW_2m3b2oh))/F30-(($A30*MW_2pe/F$33)+((1-$A30)*MW_2m3b2oh/F$23)),"") -> -0.68240027
A31: =G16 -> 0.80186385 | B31: 0.98783 | C31: 0.98019 | D31: 0.9724 | E31: 0.9645 | F31: 0.95646 | G31: =IFERROR((($A31*MW_2pe)+((1-$A31)*MW_2m3b2oh))/B31-(($A31*MW_2pe/B$33)+((1-$A31)*MW_2m3b2oh/B$23)),"") -> -0.32443971 | H31: =IFERROR((($A31*MW_2pe)+((1-$A31)*MW_2m3b2oh))/C31-(($A31*MW_2pe/C$33)+((1-$A31)*MW_2m3b2oh/C$23)),"") -> -0.35916613 | I31: =IFERROR((($A31*MW_2pe)+((1-$A31)*MW_2m3b2oh))/D31-(($A31*MW_2pe/D$33)+((1-$A31)*MW_2m3b2oh/D$23)),"") -> -0.39556238 | J31: =IFERROR((($A31*MW_2pe)+((1-$A31)*MW_2m3b2oh))/E31-(($A31*MW_2pe/E$33)+((1-$A31)*MW_2m3b2oh/E$23)),"") -> -0.4376214 | K31: =IFERROR((($A31*MW_2pe)+((1-$A31)*MW_2m3b2oh))/F31-(($A31*MW_2pe/F$33)+((1-$A31)*MW_2m3b2oh/F$23)),"") -> -0.48238155
A32: =G17 -> 0.90017019 | B32: 1.00393 | C32: 0.99643 | D32: 0.9888 | E32: 0.98107 | F32: 0.97322 | G32: =IFERROR((($A32*MW_2pe)+((1-$A32)*MW_2m3b2oh))/B32-(($A32*MW_2pe/B$33)+((1-$A32)*MW_2m3b2oh/B$23)),"") -> -0.161872 | H32: =IFERROR((($A32*MW_2pe)+((1-$A32)*MW_2m3b2oh))/C32-(($A32*MW_2pe/C$33)+((1-$A32)*MW_2m3b2oh/C$23)),"") -> -0.18269545 | I32: =IFERROR((($A32*MW_2pe)+((1-$A32)*MW_2m3b2oh))/D32-(($A32*MW_2pe/D$33)+((1-$A32)*MW_2m3b2oh/D$23)),"") -> -0.20330621 | J32: =IFERROR((($A32*MW_2pe)+((1-$A32)*MW_2m3b2oh))/E32-(($A32*MW_2pe/E$33)+((1-$A32)*MW_2m3b2oh/E$23)),"") -> -0.22626831 | K32: =IFERROR((($A32*MW_2pe)+((1-$A32)*MW_2m3b2oh))/F32-(($A32*MW_2pe/F$33)+((1-$A32)*MW_2m3b2oh/F$23)),"") -> -0.24946678
A33: =G18 -> 1 | B33: =densidad_viscosidad_puros!G75 -> 1.01985 | C33: =densidad_viscosidad_puros!G76 -> 1.01244 | D33: =densidad_viscosidad_puros!G77 -> 1.00494 | E33: =densidad_viscosidad_puros!G78 -> 0.99736 | F33: =densidad_viscosidad_puros!G79 -> 0.9897 | G33: =IFERROR((($A33*MW_2pe)+((1-$A33)*MW_2m3b2oh))/B33-(($A33*MW_2pe/B$33)+((1-$A33)*MW_2m3b2oh/B$23)),"") -> 0 | H33: =IFERROR((($A33*MW_2pe)+((1-$A33)*MW_2m3b2oh))/C33-(($A33*MW_2pe/C$33)+((1-$A33)*MW_2m3b2oh/C$23)),"") -> 0 | I33: =IFERROR((($A33*MW_2pe)+((1-$A33)*MW_2m3b2oh))/D33-(($A33*MW_2pe/D$33)+((1-$A33)*MW_2m3b2oh/D$23)),"") -> 0 | J33: =IFERROR((($A33*MW_2pe)+((1-$A33)*MW_2m3b2oh))/E33-(($A33*MW_2pe/E$33)+((1-$A33)*MW_2m3b2oh/E$23)),"") -> 0 | K33: =IFERROR((($A33*MW_2pe)+((1-$A33)*MW_2m3b2oh))/F33-(($A33*MW_2pe/F$33)+((1-$A33)*MW_2m3b2oh/F$23)),"") -> 0
B35: Viscosidad
A36: x1 | B36: 20 | C36: 30 | D36: 40 | E36: 50 | F36: 60
A37: =G8 -> 0 | B37: =densidad_viscosidad_puros!I5 -> 2.353 | C37: =densidad_viscosidad_puros!I6 -> 1.682 | D37: =densidad_viscosidad_puros!I7 -> 1.247 | E37: =densidad_viscosidad_puros!I8 -> 0.964 | F37: =densidad_viscosidad_puros!I9 -> 0.757
A38: =G9 -> 0.10419457 | B38: 3.095 | C38: 2.161 | D38: 1.576 | E38: 1.193 | F38: 0.934
A39: =G10 -> 0.20109067 | B39: 4.023 | C39: 2.76 | D39: 1.986 | E39: 1.484 | F39: 1.128
A40: =G11 -> 0.300033 | B40: 4.48 | C40: 3.081 | D40: 2.221 | E40: 1.663 | F40: 1.284
A41: =G12 -> 0.40817969 | B41: 6.064 | C41: 4.049 | D41: 2.846 | E41: 2.132 | F41: 1.62
A42: =G13 -> 0.49221167 | B42: 7.061 | C42: 4.672 | D42: 3.264 | E42: 2.383 | F42: 1.805
A43: =G14 -> 0.60473272 | B43: 8.918 | C43: 5.879 | D43: 4.074 | E43: 2.952 | F43: 2.214
A44: =G15 -> 0.70194185 | B44: 9.8 | C44: 6.387 | D44: 4.488 | E44: 3.178 | F44: 2.384
A45: =G16 -> 0.80186385 | B45: 11.18 | C45: 7.247 | D45: 4.971 | E45: 3.675 | F45: 2.738
A46: =G17 -> 0.90017019 | B46: 12.66 | C46: 8.134 | D46: 5.554 | E46: 3.981 | F46: 2.97
A47: =G18 -> 1 | B47: =densidad_viscosidad_puros!I75 -> 14.04 | C47: =densidad_viscosidad_puros!I76 -> 8.973 | D47: =densidad_viscosidad_puros!I77 -> 6.102 | E47: =densidad_viscosidad_puros!I78 -> 4.368 | F47: =densidad_viscosidad_puros!I79 -> 3.252

Sheet dens_visc_2pe+2m2boh
C1: MM / g/mol
A2: 2pe | B2: 1 | C2: 122.16
A3: 2m2boh | B3: 2 | C3: 88.15
E6: Actual
A7: TOTAL | B7: 2PE_OBJ | C7: 2M2BOH_OBJ | D7: Frac.Molar | E7: 2PE_REAL | F7: 2M2BOH_REAL | G7: Mole Fraction 2-phenylethanol...
A8: 5 | B8: =IF(D8=0, 0, IF(D8=1, A8, (D8*A8*$C$2)/($C$3*(1-D8)+$C$2*D8))) -> 0.66716912 | C8: =A8-B8 -> 4.3328309 | D8: 0.1 | E8: 0.6717 | F8: 4.3353 | G8: =IFERROR((E8*purity_2pe/MW_2pe)/((E8*purity_2pe/MW_2pe)+(F8*purity_2m2boh/MW_2m2boh)),"") -> 0.10055925
A9: 5 | B9: =IF(D9=0, 0, IF(D9=1, A9, (D9*A9*$C$2)/($C$3*(1-D9)+$C$2*D9))) -> 1.2865448 | C9: =A9-B9 -> 3.7134552 | D9: 0.2 | E9: 1.2859 | F9: 3.7059 | G9: =IFERROR((E9*purity_2pe/MW_2pe)/((E9*purity_2pe/MW_2pe)+(F9*purity_2m2boh/MW_2m2boh)),"") -> 0.20024577
A10: 5 | B10: =IF(D10=0, 0, IF(D10=1, A10, (D10*A10*$C$2)/($C$3*(1-D10)+$C$2*D10))) -> 1.863085 | C10: =A10-B10 -> 3.136915 | D10: 0.3 | E10: 1.8618 | F10: 3.1349 | G10: =IFERROR((E10*purity_2pe/MW_2pe)/((E10*purity_2pe/MW_2pe)+(F10*purity_2m2boh/MW_2m2boh)),"") -> 0.29999004
A11: 5 | B11: =IF(D11=0, 0, IF(D11=1, A11, (D11*A11*$C$2)/($C$3*(1-D11)+$C$2*D11))) -> 2.401085 | C11: =A11-B11 -> 2.598915 | D11: 0.4 | E11: 2.4047 | F11: 2.5973 | G11: =IFERROR((E11*purity_2pe/MW_2pe)/((E11*purity_2pe/MW_2pe)+(F11*purity_2m2boh/MW_2m2boh)),"") -> 0.40051036
A12: 5 | B12: =IF(D12=0, 0, IF(D12=1, A12, (D12*A12*$C$2)/($C$3*(1-D12)+$C$2*D12))) -> 2.9042842 | C12: =A12-B12 -> 2.0957158 | D12: 0.5 | E12: 2.907 | F12: 2.0989 | G12: =IFERROR((E12*purity_2pe/MW_2pe)/((E12*purity_2pe/MW_2pe)+(F12*purity_2m2boh/MW_2m2boh)),"") -> 0.49985412
A13: 5 | B13: =IF(D13=0, 0, IF(D13=1, A13, (D13*A13*$C$2)/($C$3*(1-D13)+$C$2*D13))) -> 3.3759534 | C13: =A13-B13 -> 1.6240466 | D13: 0.6 | E13: 3.3745 | F13: 1.6252 | G13: =IFERROR((E13*purity_2pe/MW_2pe)/((E13*purity_2pe/MW_2pe)+(F13*purity_2m2boh/MW_2m2boh)),"") -> 0.59972623
A14: 5 | B14: =IF(D14=0, 0, IF(D14=1, A14, (D14*A14*$C$2)/($C$3*(1-D14)+$C$2*D14))) -> 3.8189662 | C14: =A14-B14 -> 1.1810338 | D14: 0.7 | E14: 3.8123 | F14: 1.1895 | G14: =IFERROR((E14*purity_2pe/MW_2pe)/((E14*purity_2pe/MW_2pe)+(F14*purity_2m2boh/MW_2m2boh)),"") -> 0.69812979
A15: 5 | B15: =IF(D15=0, 0, IF(D15=1, A15, (D15*A15*$C$2)/($C$3*(1-D15)+$C$2*D15))) -> 4.2358571 | C15: =A15-B15 -> 0.76414293 | D15: 0.8 | E15: 4.2341 | F15: 0.7609 | G15: =IFERROR((E15*purity_2pe/MW_2pe)/((E15*purity_2pe/MW_2pe)+(F15*purity_2m2boh/MW_2m2boh)),"") -> 0.80061338
A16: 5 | B16: =IF(D16=0, 0, IF(D16=1, A16, (D16*A16*$C$2)/($C$3*(1-D16)+$C$2*D16))) -> 4.6288702 | C16: =A16-B16 -> 0.37112977 | D16: 0.9 | E16: 4.6223 | F16: 0.3719 | G16: =IFERROR((E16*purity_2pe/MW_2pe)/((E16*purity_2pe/MW_2pe)+(F16*purity_2m2boh/MW_2m2boh)),"") -> 0.89968513
G17: 1
B21: Densidad | G21: Volumen de Exceso
A22: x1 | B22: 20 | C22: 30 | D22: 40 | E22: 50 | F22: 60 | G22: 20 | H22: 30 | I22: 40 | J22: 50 | K22: 60
A23: 0 | B23: =densidad_viscosidad_puros!G15 -> 0.80899 | C23: =densidad_viscosidad_puros!G16 -> 0.79979 | D23: =densidad_viscosidad_puros!G17 -> 0.79035 | E23: =densidad_viscosidad_puros!G18 -> 0.7806 | F23: =densidad_viscosidad_puros!G19 -> 0.77049 | G23: =IFERROR((($A23*MW_2pe)+((1-$A23)*MW_2m2boh))/B23-(($A23*MW_2pe/B$33)+((1-$A23)*MW_2m2boh/B$23)),"") -> 0 | H23: =IFERROR((($A23*MW_2pe)+((1-$A23)*MW_2m2boh))/C23-(($A23*MW_2pe/C$33)+((1-$A23)*MW_2m2boh/C$23)),"") -> 0 | I23: =IFERROR((($A23*MW_2pe)+((1-$A23)*MW_2m2boh))/D23-(($A23*MW_2pe/D$33)+((1-$A23)*MW_2m2boh/D$23)),"") -> 0 | J23: =IFERROR((($A23*MW_2pe)+((1-$A23)*MW_2m2boh))/E23-(($A23*MW_2pe/E$33)+((1-$A23)*MW_2m2boh/E$23)),"") -> 0 | K23: =IFERROR((($A23*MW_2pe)+((1-$A23)*MW_2m2boh))/F23-(($A23*MW_2pe/F$33)+((1-$A23)*MW_2m2boh/F$23)),"") -> 0
A24: =G8 -> 0.10055925 | B24: 0.8346 | C24: 0.8254 | D24: 0.816 | E24: 0.8063 | F24: 0.7964 | G24: =IFERROR((($A24*MW_2pe)+((1-$A24)*MW_2m2boh))/B24-(($A24*MW_2pe/B$33)+((1-$A24)*MW_2m2boh/B$23)),"") -> -0.33375395 | H24: =IFERROR((($A24*MW_2pe)+((1-$A24)*MW_2m2boh))/C24-(($A24*MW_2pe/C$33)+((1-$A24)*MW_2m2boh/C$23)),"") -> -0.32635414 | I24: =IFERROR((($A24*MW_2pe)+((1-$A24)*MW_2m2boh))/D24-(($A24*MW_2pe/D$33)+((1-$A24)*MW_2m2boh/D$23)),"") -> -0.32297366 | J24: =IFERROR((($A24*MW_2pe)+((1-$A24)*MW_2m2boh))/E24-(($A24*MW_2pe/E$33)+((1-$A24)*MW_2m2boh/E$23)),"") -> -0.31886367 | K24: =IFERROR((($A24*MW_2pe)+((1-$A24)*MW_2m2boh))/F24-(($A24*MW_2pe/F$33)+((1-$A24)*MW_2m2boh/F$23)),"") -> -0.3351889
A25: =G9 -> 0.20024577 | B25: 0.8583 | C25: 0.8494 | D25: 0.8402 | E25: 0.8307 | F25: 0.8211 | G25: =IFERROR((($A25*MW_2pe)+((1-$A25)*MW_2m2boh))/B25-(($A25*MW_2pe/B$33)+((1-$A25)*MW_2m2boh/B$23)),"") -> -0.4918216 | H25: =IFERROR((($A25*MW_2pe)+((1-$A25)*MW_2m2boh))/C25-(($A25*MW_2pe/C$33)+((1-$A25)*MW_2m2boh/C$23)),"") -> -0.51052795 | I25: =IFERROR((($A25*MW_2pe)+((1-$A25)*MW_2m2boh))/D25-(($A25*MW_2pe/D$33)+((1-$A25)*MW_2m2boh/D$23)),"") -> -0.51951955 | J25: =IFERROR((($A25*MW_2pe)+((1-$A25)*MW_2m2boh))/E25-(($A25*MW_2pe/E$33)+((1-$A25)*MW_2m2boh/E$23)),"") -> -0.52612226 | K25: =IFERROR((($A25*MW_2pe)+((1-$A25)*MW_2m2boh))/F25-(($A25*MW_2pe/F$33)+((1-$A25)*MW_2m2boh/F$23)),"") -> -0.56448317
A26: =G10 -> 0.29999004 | B26: 0.8808 | C26: 0.8722 | D26: 0.8632 | E26: 0.8541 | F26: 0.8448 | G26: =IFERROR((($A26*MW_2pe)+((1-$A26)*MW_2m2boh))/B26-(($A26*MW_2pe/B$33)+((1-$A26)*MW_2m2boh/B$23)),"") -> -0.54583187 | H26: =IFERROR((($A26*MW_2pe)+((1-$A26)*MW_2m2boh))/C26-(($A26*MW_2pe/C$33)+((1-$A26)*MW_2m2boh/C$23)),"") -> -0.58521285 | I26: =IFERROR((($A26*MW_2pe)+((1-$A26)*MW_2m2boh))/D26-(($A26*MW_2pe/D$33)+((1-$A26)*MW_2m2boh/D$23)),"") -> -0.60115614 | J26: =IFERROR((($A26*MW_2pe)+((1-$A26)*MW_2m2boh))/E26-(($A26*MW_2pe/E$33)+((1-$A26)*MW_2m2boh/E$23)),"") -> -0.63951292 | K26: =IFERROR((($A26*MW_2pe)+((1-$A26)*MW_2m2boh))/F26-(($A26*MW_2pe/F$33)+((1-$A26)*MW_2m2boh/F$23)),"") -> -0.69347573
A27: =G11 -> 0.40051036 | B27: 0.9026 | C27: 0.8942 | D27: 0.8855 | E27: 0.8767 | F27: 0.8677 | G27: =IFERROR((($A27*MW_2pe)+((1-$A27)*MW_2m2boh))/B27-(($A27*MW_2pe/B$33)+((1-$A27)*MW_2m2boh/B$23)),"") -> -0.54271332 | H27: =IFERROR((($A27*MW_2pe)+((1-$A27)*MW_2m2boh))/C27-(($A27*MW_2pe/C$33)+((1-$A27)*MW_2m2boh/C$23)),"") -> -0.58604338 | I27: =IFERROR((($A27*MW_2pe)+((1-$A27)*MW_2m2boh))/D27-(($A27*MW_2pe/D$33)+((1-$A27)*MW_2m2boh/D$23)),"") -> -0.61768335 | J27: =IFERROR((($A27*MW_2pe)+((1-$A27)*MW_2m2boh))/E27-(($A27*MW_2pe/E$33)+((1-$A27)*MW_2m2boh/E$23)),"") -> -0.66920573 | K27: =IFERROR((($A27*MW_2pe)+((1-$A27)*MW_2m2boh))/F27-(($A27*MW_2pe/F$33)+((1-$A27)*MW_2m2boh/F$23)),"") -> -0.73312595
A28: =G12 -> 0.49985412 | B28: 0.9234 | C28: 0.9152 | D28: 0.9068 | E28: 0.8983 | F28: 0.8895 | G28: =IFERROR((($A28*MW_2pe)+((1-$A28)*MW_2m2boh))/B28-(($A28*MW_2pe/B$33)+((1-$A28)*MW_2m2boh/B$23)),"") -> -0.49840979 | H28: =IFERROR((($A28*MW_2pe)+((1-$A28)*MW_2m2boh))/C28-(($A28*MW_2pe/C$33)+((1-$A28)*MW_2m2boh/C$23)),"") -> -0.54323183 | I28: =IFERROR((($A28*MW_2pe)+((1-$A28)*MW_2m2boh))/D28-(($A28*MW_2pe/D$33)+((1-$A28)*MW_2m2boh/D$23)),"") -> -0.58746325 | J28: =IFERROR((($A28*MW_2pe)+((1-$A28)*MW_2m2boh))/E28-(($A28*MW_2pe/E$33)+((1-$A28)*MW_2m2boh/E$23)),"") -> -0.6487819 | K28: =IFERROR((($A28*MW_2pe)+((1-$A28)*MW_2m2boh))/F28-(($A28*MW_2pe/F$33)+((1-$A28)*MW_2m2boh/F$23)),"") -> -0.70569006
A29: =G13 -> 0.59972623 | B29: 0.9436 | C29: 0.9357 | D29: 0.9275 | E29: 0.9192 | F29: 0.9108 | G29: =IFERROR((($A29*MW_2pe)+((1-$A29)*MW_2m2boh))/B29-(($A29*MW_2pe/B$33)+((1-$A29)*MW_2m2boh/B$23)),"") -> -0.41699882 | H29: =IFERROR((($A29*MW_2pe)+((1-$A29)*MW_2m2boh))/C29-(($A29*MW_2pe/C$33)+((1-$A29)*MW_2m2boh/C$23)),"") -> -0.4732488 | I29: =IFERROR((($A29*MW_2pe)+((1-$A29)*MW_2m2boh))/D29-(($A29*MW_2pe/D$33)+((1-$A29)*MW_2m2boh/D$23)),"") -> -0.51462804 | J29: =IFERROR((($A29*MW_2pe)+((1-$A29)*MW_2m2boh))/E29-(($A29*MW_2pe/E$33)+((1-$A29)*MW_2m2boh/E$23)),"") -> -0.56956186 | K29: =IFERROR((($A29*MW_2pe)+((1-$A29)*MW_2m2boh))/F29-(($A29*MW_2pe/F$33)+((1-$A29)*MW_2m2boh/F$23)),"") -> -0.64211648
A30: =G14 -> 0.69812979 | B30: 0.963 | C30: 0.9552 | D30: 0.9472 | E30: 0.9391 | F30: 0.9309 | G30: =IFERROR((($A30*MW_2pe)+((1-$A30)*MW_2m2boh))/B30-(($A30*MW_2pe/B$33)+((1-$A30)*MW_2m2boh/B$23)),"") -> -0.32378137 | H30: =IFERROR((($A30*MW_2pe)+((1-$A30)*MW_2m2boh))/C30-(($A30*MW_2pe/C$33)+((1-$A30)*MW_2m2boh/C$23)),"") -> -0.36537559 | I30: =IFERROR((($A30*MW_2pe)+((1-$A30)*MW_2m2boh))/D30-(($A30*MW_2pe/D$33)+((1-$A30)*MW_2m2boh/D$23)),"") -> -0.40206004 | J30: =IFERROR((($A30*MW_2pe)+((1-$A30)*MW_2m2boh))/E30-(($A30*MW_2pe/E$33)+((1-$A30)*MW_2m2boh/E$23)),"") -> -0.44865608 | K30: =IFERROR((($A30*MW_2pe)+((1-$A30)*MW_2m2boh))/F30-(($A30*MW_2pe/F$33)+((1-$A30)*MW_2m2boh/F$23)),"") -> -0.50822242
A31: =G15 -> 0.80061338 | B31: 0.9827 | C31: 0.9751 | D31: 0.9673 | E31: 0.9593 | F31: 0.9513 | G31: =IFERROR((($A31*MW_2pe)+((1-$A31)*MW_2m2boh))/B31-(($A31*MW_2pe/B$33)+((1-$A31)*MW_2m2boh/B$23)),"") -> -0.21504379 | H31: =IFERROR((($A31*MW_2pe)+((1-$A31)*MW_2m2boh))/C31-(($A31*MW_2pe/C$33)+((1-$A31)*MW_2m2boh/C$23)),"") -> -0.25173588 | I31: =IFERROR((($A31*MW_2pe)+((1-$A31)*MW_2m2boh))/D31-(($A31*MW_2pe/D$33)+((1-$A31)*MW_2m2boh/D$23)),"") -> -0.2810262 | J31: =IFERROR((($A31*MW_2pe)+((1-$A31)*MW_2m2boh))/E31-(($A31*MW_2pe/E$33)+((1-$A31)*MW_2m2boh/E$23)),"") -> -0.30372477 | K31: =IFERROR((($A31*MW_2pe)+((1-$A31)*MW_2m2boh))/F31-(($A31*MW_2pe/F$33)+((1-$A31)*MW_2m2boh/F$23)),"") -> -0.34668911
A32: =G16 -> 0.89968513 | B32: 1.0014 | C32: 0.9938 | D32: 0.9861 | E32: 0.9784 | F32: 0.9705 | G32: =IFERROR((($A32*MW_2pe)+((1-$A32)*MW_2m2boh))/B32-(($A32*MW_2pe/B$33)+((1-$A32)*MW_2m2boh/B$23)),"") -> -0.1147088 | H32: =IFERROR((($A32*MW_2pe)+((1-$A32)*MW_2m2boh))/C32-(($A32*MW_2pe/C$33)+((1-$A32)*MW_2m2boh/C$23)),"") -> -0.12233303 | I32: =IFERROR((($A32*MW_2pe)+((1-$A32)*MW_2m2boh))/D32-(($A32*MW_2pe/D$33)+((1-$A32)*MW_2m2boh/D$23)),"") -> -0.13151655 | J32: =IFERROR((($A32*MW_2pe)+((1-$A32)*MW_2m2boh))/E32-(($A32*MW_2pe/E$33)+((1-$A32)*MW_2m2boh/E$23)),"") -> -0.15472578 | K32: =IFERROR((($A32*MW_2pe)+((1-$A32)*MW_2m2boh))/F32-(($A32*MW_2pe/F$33)+((1-$A32)*MW_2m2boh/F$23)),"") -> -0.16829087
A33: =G17 -> 1 | B33: =densidad_viscosidad_puros!G75 -> 1.01985 | C33: =densidad_viscosidad_puros!G76 -> 1.01244 | D33: =densidad_viscosidad_puros!G77 -> 1.00494 | E33: =densidad_viscosidad_puros!G78 -> 0.99736 | F33: =densidad_viscosidad_puros!G79 -> 0.9897 | G33: =IFERROR((($A33*MW_2pe)+((1-$A33)*MW_2m2boh))/B33-(($A33*MW_2pe/B$33)+((1-$A33)*MW_2m2boh/B$23)),"") -> 0 | H33: =IFERROR((($A33*MW_2pe)+((1-$A33)*MW_2m2boh))/C33-(($A33*MW_2pe/C$33)+((1-$A33)*MW_2m2boh/C$23)),"") -> 0 | I33: =IFERROR((($A33*MW_2pe)+((1-$A33)*MW_2m2boh))/D33-(($A33*MW_2pe/D$33)+((1-$A33)*MW_2m2boh/D$23)),"") -> 0 | J33: =IFERROR((($A33*MW_2pe)+((1-$A33)*MW_2m2boh))/E33-(($A33*MW_2pe/E$33)+((1-$A33)*MW_2m2boh/E$23)),"") -> 0 | K33: =IFERROR((($A33*MW_2pe)+((1-$A33)*MW_2m2boh))/F33-(($A33*MW_2pe/F$33)+((1-$A33)*MW_2m2boh/F$23)),"") -> 0
B35: Viscosidad
A36: x1 | B36: 20 | C36: 30 | D36: 40 | E36: 50 | F36: 60
A37: 0 | B37: =densidad_viscosidad_puros!I15 -> 4.244 | C37: =densidad_viscosidad_puros!I16 -> 2.776 | D37: =densidad_viscosidad_puros!I17 -> 1.918 | E37: =densidad_viscosidad_puros!I18 -> 1.397 | F37: =densidad_viscosidad_puros!I19 -> 1.036
A38: =G8 -> 0.10055925 | B38: 5.352 | C38: 3.365 | D38: 2.264 | E38: 1.607 | F38: 1.195
A39: =G9 -> 0.20024577 | B39: 6.445 | C39: 3.971 | D39: 2.661 | E39: 1.882 | F39: 1.393
A40: =G10 -> 0.29999004 | B40: 7.684 | C40: 4.615 | D40: 3.087 | E40: 2.179 | F40: 1.609
A41: =G11 -> 0.40051036 | B41: 8.391 | C41: 5.253 | D41: 3.533 | E41: 2.488 | F41: 1.862
A42: =G12 -> 0.49985412 | B42: 9.549 | C42: 6.014 | D42: 4.106 | E42: 2.879 | F42: 2.061
A43: =G13 -> 0.59972623 | B43: 10.2 | C43: 6.474 | D43: 4.353 | E43: 3.104 | F43: 2.297
A44: =G14 -> 0.69812979 | B44: 11.08 | C44: 7.042 | D44: 4.772 | E44: 3.385 | F44: 2.519
A45: =G15 -> 0.80061338 | B45: 12.19 | C45: 7.656 | D45: 5.176 | E45: 3.74 | F45: 2.769
A46: =G16 -> 0.89968513 | B46: 12.89 | C46: 8.212 | D46: 5.579 | E46: 3.979 | F46: 2.976
A47: =G17 -> 1 | B47: =densidad_viscosidad_puros!I75 -> 14.04 | C47: =densidad_viscosidad_puros!I76 -> 8.973 | D47: =densidad_viscosidad_puros!I77 -> 6.102 | E47: =densidad_viscosidad_puros!I78 -> 4.368 | F47: =densidad_viscosidad_puros!I79 -> 3.252

Sheet dens_visc_2pe+1hexoh
C1: MM / g/mol
A2: 2pe | B2: 1 | C2: 122.16
A3: hexoh | B3: 2 | C3: 102.17
E6: Actual
A7: Total Mass (g) | B7: Mass 2-phenylethanol / g | C7: Mass 1-hexanol /g | D7: Mole fraction 2-phenylethanol | E7: Mass 2-phenylethanol... (g) | F7: Mass 1-hexanol... (g) | G7: Mole Fraction 2pe (corrected)
A8: 5 | B8: =IF(D8=0, 0, IF(D8=1, A8, (D8*A8*$C$2)/($C$3*(1-D8)+$C$2*D8))) -> 0 | C8: =A8-B8 -> 5 | D8: 0 | E8: 0 | F8: 1 | G8: =IF(AND(E8=0,F8>0),0,"") -> 0
A9: 5 | B9: =IF(D9=0, 0, IF(D9=1, A9, (D9*A9*$C$2)/($C$3*(1-D9)+$C$2*D9))) -> 0.58635487 | C9: =A9-B9 -> 4.4136451 | D9: 0.1 | E9: 0.5876 | F9: 4.4166 | G9: =IFERROR((E9*purity_2pe/MW_2pe)/((E9*purity_2pe/MW_2pe)+(F9*purity_hexoh/MW_hexoh)),"") -> 0.10031129
A10: 5 | B10: =IF(D10=0, 0, IF(D10=1, A10, (D10*A10*$C$2)/($C$3*(1-D10)+$C$2*D10))) -> 1.1506292 | C10: =A10-B10 -> 3.8493708 | D10: 0.2 | E10: 1.1525 | F10: 3.8523 | G10: =IFERROR((E10*purity_2pe/MW_2pe)/((E10*purity_2pe/MW_2pe)+(F10*purity_hexoh/MW_hexoh)),"") -> 0.20045894
A11: 5 | B11: =IF(D11=0, 0, IF(D11=1, A11, (D11*A11*$C$2)/($C$3*(1-D11)+$C$2*D11))) -> 1.1506292 | C11: =A11-B11 -> 3.8493708 | D11: 0.2 | E11: 1.1554 | F11: 3.8542 | G11: =IFERROR((E11*purity_2pe/MW_2pe)/((E11*purity_2pe/MW_2pe)+(F11*purity_hexoh/MW_hexoh)),"") -> 0.2007829
A12: 5 | B12: =IF(D12=0, 0, IF(D12=1, A12, (D12*A12*$C$2)/($C$3*(1-D12)+$C$2*D12))) -> 1.6940472 | C12: =A12-B12 -> 3.3059528 | D12: 0.3 | E12: 1.6945 | F12: 3.3078 | G12: =IFERROR((E12*purity_2pe/MW_2pe)/((E12*purity_2pe/MW_2pe)+(F12*purity_hexoh/MW_hexoh)),"") -> 0.30035937
A13: 5 | B13: =IF(D13=0, 0, IF(D13=1, A13, (D13*A13*$C$2)/($C$3*(1-D13)+$C$2*D13))) -> 1.6940472 | C13: =A13-B13 -> 3.3059528 | D13: 0.3 | E13: 1.6966 | F13: 3.3112 | G13: =IFERROR((E13*purity_2pe/MW_2pe)/((E13*purity_2pe/MW_2pe)+(F13*purity_hexoh/MW_hexoh)),"") -> 0.30040375
A14: 5.1683 | B14: =IF(D14=0, 0, IF(D14=1, A14, (D14*A14*$C$2)/($C$3*(1-D14)+$C$2*D14))) -> 2.2923934 | C14: =A14-B14 -> 2.8759066 | D14: 0.4 | E14: 2.2924 | F14: 2.8763 | G14: =IFERROR((E14*purity_2pe/MW_2pe)/((E14*purity_2pe/MW_2pe)+(F14*purity_hexoh/MW_hexoh)),"") -> 0.40044843
A15: 5 | B15: =IF(D15=0, 0, IF(D15=1, A15, (D15*A15*$C$2)/($C$3*(1-D15)+$C$2*D15))) -> 2.7227745 | C15: =A15-B15 -> 2.2772255 | D15: 0.5 | E15: 2.7269 | F15: 2.279 | G15: =IFERROR((E15*purity_2pe/MW_2pe)/((E15*purity_2pe/MW_2pe)+(F15*purity_hexoh/MW_hexoh)),"") -> 0.50068428
A16: 5 | B16: =IF(D16=0, 0, IF(D16=1, A16, (D16*A16*$C$2)/($C$3*(1-D16)+$C$2*D16))) -> 3.2101188 | C16: =A16-B16 -> 1.7898812 | D16: 0.6 | E16: 3.2121 | F16: 1.7974 | G16: =IFERROR((E16*purity_2pe/MW_2pe)/((E16*purity_2pe/MW_2pe)+(F16*purity_hexoh/MW_hexoh)),"") -> 0.59962244
A17: 5 | B17: =IF(D17=0, 0, IF(D17=1, A17, (D17*A17*$C$2)/($C$3*(1-D17)+$C$2*D17))) -> 3.6806901 | C17: =A17-B17 -> 1.3193099 | D17: 0.7 | E17: 3.6855 | F17: 1.3243 | G17: =IFERROR((E17*purity_2pe/MW_2pe)/((E17*purity_2pe/MW_2pe)+(F17*purity_hexoh/MW_hexoh)),"") -> 0.69990187
A18: 5 | B18: =IF(D18=0, 0, IF(D18=1, A18, (D18*A18*$C$2)/($C$3*(1-D18)+$C$2*D18))) -> 4.1353396 | C18: =A18-B18 -> 0.86466038 | D18: 0.8 | E18: 4.1333 | F18: 0.8635 | G18: =IFERROR((E18*purity_2pe/MW_2pe)/((E18*purity_2pe/MW_2pe)+(F18*purity_hexoh/MW_hexoh)),"") -> 0.80045586
A19: 5 | B19: =IF(D19=0, 0, IF(D19=1, A19, (D19*A19*$C$2)/($C$3*(1-D19)+$C$2*D19))) -> 4.5748621 | C19: =A19-B19 -> 0.42513794 | D19: 0.9 | E19: 4.5734 | F19: 0.4304 | G19: =IFERROR((E19*purity_2pe/MW_2pe)/((E19*purity_2pe/MW_2pe)+(F19*purity_hexoh/MW_hexoh)),"") -> 0.89904023
A20: 5 | B20: =IF(D20=0, 0, IF(D20=1, A20, (D20*A20*$C$2)/($C$3*(1-D20)+$C$2*D20))) -> 5 | C20: =A20-B20 -> 0 | D20: 1 | E20: 1 | F20: 0 | G20: =IF(AND(E20>0,F20=0),1,IFERROR((E20/MW_2pe)/((E20/MW_2pe)+(F20/MW_hexoh)),"")) -> 1
B23: Densidad | G23: Volumen de Exceso
A24: x1 | B24: 20 | C24: 30 | D24: 40 | E24: 50 | F24: 60 | G24: 20 | H24: 30 | I24: 40 | J24: 50 | K24: 60
A25: =G8 -> 0 | B25: =densidad_viscosidad_puros!G25 -> 0.81883 | C25: =densidad_viscosidad_puros!G26 -> 0.81174 | D25: =densidad_viscosidad_puros!G27 -> 0.80455 | E25: =densidad_viscosidad_puros!G28 -> 0.79722 | F25: =densidad_viscosidad_puros!G29 -> 0.78971 | G25: =IFERROR((($A25*MW_2pe)+((1-$A25)*MW_hexoh))/B25-(($A25*MW_2pe/B$37)+((1-$A25)*MW_hexoh/B$25)),"") -> 0 | H25: =IFERROR((($A25*MW_2pe)+((1-$A25)*MW_hexoh))/C25-(($A25*MW_2pe/C$37)+((1-$A25)*MW_hexoh/C$25)),"") -> 0 | I25: =IFERROR((($A25*MW_2pe)+((1-$A25)*MW_hexoh))/D25-(($A25*MW_2pe/D$37)+((1-$A25)*MW_hexoh/D$25)),"") -> 0 | J25: =IFERROR((($A25*MW_2pe)+((1-$A25)*MW_hexoh))/E25-(($A25*MW_2pe/E$37)+((1-$A25)*MW_hexoh/E$25)),"") -> 0 | K25: =IFERROR((($A25*MW_2pe)+((1-$A25)*MW_hexoh))/F25-(($A25*MW_2pe/F$37)+((1-$A25)*MW_hexoh/F$25)),"") -> 0 | L25: =IFERROR((($A25*MW_2pe)+((1-$A25)*MW_hexoh))/G25-(($A25*MW_2pe/G$37)+((1-$A25)*MW_hexoh/G$25)),"")
A26: =G9 -> 0.10031129 | B26: 0.83846 | C26: 0.83129 | D26: 0.82404 | E26: 0.81668 | F26: 0.80918 | G26: =IFERROR((($A26*MW_2pe)+((1-$A26)*MW_hexoh))/B26-(($A26*MW_2pe/B$37)+((1-$A26)*MW_hexoh/B$25)),"") -> -0.028806316 | H26: =IFERROR((($A26*MW_2pe)+((1-$A26)*MW_hexoh))/C26-(($A26*MW_2pe/C$37)+((1-$A26)*MW_hexoh/C$25)),"") -> -0.025616034 | I26: =IFERROR((($A26*MW_2pe)+((1-$A26)*MW_hexoh))/D26-(($A26*MW_2pe/D$37)+((1-$A26)*MW_hexoh/D$25)),"") -> -0.025373525 | J26: =IFERROR((($A26*MW_2pe)+((1-$A26)*MW_hexoh))/E26-(($A26*MW_2pe/E$37)+((1-$A26)*MW_hexoh/E$25)),"") -> -0.029218285 | K26: =IFERROR((($A26*MW_2pe)+((1-$A26)*MW_hexoh))/F26-(($A26*MW_2pe/F$37)+((1-$A26)*MW_hexoh/F$25)),"") -> -0.038512355 | L26: =IFERROR((($A26*MW_2pe)+((1-$A26)*MW_hexoh))/#REF!-(($A26*MW_2pe/G$37)+((1-$A26)*MW_hexoh/G$25)),"")
A27: =G10 -> 0.20045894 | B27: 0.85828 | C27: 0.85113 | D27: 0.84386 | E27: 0.83647 | F27: 0.82892 | G27: =IFERROR((($A27*MW_2pe)+((1-$A27)*MW_hexoh))/B27-(($A27*MW_2pe/B$37)+((1-$A27)*MW_hexoh/B$25)),"") -> -0.065399118 | H27: =IFERROR((($A27*MW_2pe)+((1-$A27)*MW_hexoh))/C27-(($A27*MW_2pe/C$37)+((1-$A27)*MW_hexoh/C$25)),"") -> -0.073270339 | I27: =IFERROR((($A27*MW_2pe)+((1-$A27)*MW_hexoh))/D27-(($A27*MW_2pe/D$37)+((1-$A27)*MW_hexoh/D$25)),"") -> -0.078390927 | J27: =IFERROR((($A27*MW_2pe)+((1-$A27)*MW_hexoh))/E27-(($A27*MW_2pe/E$37)+((1-$A27)*MW_hexoh/E$25)),"") -> -0.085519375 | K27: =IFERROR((($A27*MW_2pe)+((1-$A27)*MW_hexoh))/F27-(($A27*MW_2pe/F$37)+((1-$A27)*MW_hexoh/F$25)),"") -> -0.093846413 | L27: =IFERROR((($A27*MW_2pe)+((1-$A27)*MW_hexoh))/G27-(($A27*MW_2pe/G$37)+((1-$A27)*MW_hexoh/G$25)),"")
A28: =G11 -> 0.2007829 | B28: 0.85801 | C28: 0.8509 | D28: 0.84361 | E28: 0.83623 | F28: 0.8287 | G28: =IFERROR((($A28*MW_2pe)+((1-$A28)*MW_hexoh))/B28-(($A28*MW_2pe/B$37)+((1-$A28)*MW_hexoh/B$25)),"") -> -0.017304967 | H28: =IFERROR((($A28*MW_2pe)+((1-$A28)*MW_hexoh))/C28-(($A28*MW_2pe/C$37)+((1-$A28)*MW_hexoh/C$25)),"") -> -0.030253334 | I28: =IFERROR((($A28*MW_2pe)+((1-$A28)*MW_hexoh))/D28-(($A28*MW_2pe/D$37)+((1-$A28)*MW_hexoh/D$25)),"") -> -0.031668114 | J28: =IFERROR((($A28*MW_2pe)+((1-$A28)*MW_hexoh))/E28-(($A28*MW_2pe/E$37)+((1-$A28)*MW_hexoh/E$25)),"") -> -0.039506394 | K28: =IFERROR((($A28*MW_2pe)+((1-$A28)*MW_hexoh))/F28-(($A28*MW_2pe/F$37)+((1-$A28)*MW_hexoh/F$25)),"") -> -0.050100858
A29: =G12 -> 0.30035937 | B29: 0.8777 | C29: 0.87064 | D29: 0.86334 | E29: 0.85593 | F29: 0.84835 | G29: =IFERROR((($A29*MW_2pe)+((1-$A29)*MW_hexoh))/B29-(($A29*MW_2pe/B$37)+((1-$A29)*MW_hexoh/B$25)),"") -> -0.028485434 | H29: =IFERROR((($A29*MW_2pe)+((1-$A29)*MW_hexoh))/C29-(($A29*MW_2pe/C$37)+((1-$A29)*MW_hexoh/C$25)),"") -> -0.054884649 | I29: =IFERROR((($A29*MW_2pe)+((1-$A29)*MW_hexoh))/D29-(($A29*MW_2pe/D$37)+((1-$A29)*MW_hexoh/D$25)),"") -> -0.061752478 | J29: =IFERROR((($A29*MW_2pe)+((1-$A29)*MW_hexoh))/E29-(($A29*MW_2pe/E$37)+((1-$A29)*MW_hexoh/E$25)),"") -> -0.071416567 | K29: =IFERROR((($A29*MW_2pe)+((1-$A29)*MW_hexoh))/F29-(($A29*MW_2pe/F$37)+((1-$A29)*MW_hexoh/F$25)),"") -> -0.079623455 | L29: =IFERROR((($A29*MW_2pe)+((1-$A29)*MW_hexoh))/G29-(($A29*MW_2pe/G$37)+((1-$A29)*MW_hexoh/G$25)),"")
A30: =G13 -> 0.30040375 | B30: 0.87776 | C30: 0.87054 | D30: 0.86324 | E30: 0.85584 | F30: 0.84824 | G30: =IFERROR((($A30*MW_2pe)+((1-$A30)*MW_hexoh))/B30-(($A30*MW_2pe/B$37)+((1-$A30)*MW_hexoh/B$25)),"") -> -0.035677737 | H30: =IFERROR((($A30*MW_2pe)+((1-$A30)*MW_hexoh))/C30-(($A30*MW_2pe/C$37)+((1-$A30)*MW_hexoh/C$25)),"") -> -0.039362061 | I30: =IFERROR((($A30*MW_2pe)+((1-$A30)*MW_hexoh))/D30-(($A30*MW_2pe/D$37)+((1-$A30)*MW_hexoh/D$25)),"") -> -0.04596892 | J30: =IFERROR((($A30*MW_2pe)+((1-$A30)*MW_hexoh))/E30-(($A30*MW_2pe/E$37)+((1-$A30)*MW_hexoh/E$25)),"") -> -0.05683776 | K30: =IFERROR((($A30*MW_2pe)+((1-$A30)*MW_hexoh))/F30-(($A30*MW_2pe/F$37)+((1-$A30)*MW_hexoh/F$25)),"") -> -0.061777962
A31: =G14 -> 0.40044843 | B31: 0.89773 | C31: 0.89055 | D31: 0.8832 | E31: 0.87576 | F31: 0.86818 | G31: =IFERROR((($A31*MW_2pe)+((1-$A31)*MW_hexoh))/B31-(($A31*MW_2pe/B$37)+((1-$A31)*MW_hexoh/B$25)),"") -> -0.049876502 | H31: =IFERROR((($A31*MW_2pe)+((1-$A31)*MW_hexoh))/C31-(($A31*MW_2pe/C$37)+((1-$A31)*MW_hexoh/C$25)),"") -> -0.064880062 | I31: =IFERROR((($A31*MW_2pe)+((1-$A31)*MW_hexoh))/D31-(($A31*MW_2pe/D$37)+((1-$A31)*MW_hexoh/D$25)),"") -> -0.070305051 | J31: =IFERROR((($A31*MW_2pe)+((1-$A31)*MW_hexoh))/E31-(($A31*MW_2pe/E$37)+((1-$A31)*MW_hexoh/E$25)),"") -> -0.080532894 | K31: =IFERROR((($A31*MW_2pe)+((1-$A31)*MW_hexoh))/F31-(($A31*MW_2pe/F$37)+((1-$A31)*MW_hexoh/F$25)),"") -> -0.092469331 | L31: =IFERROR((($A31*MW_2pe)+((1-$A31)*MW_hexoh))/G31-(($A31*MW_2pe/G$37)+((1-$A31)*MW_hexoh/G$25)),"")
A32: =G15 -> 0.50068428 | B32: 0.91775 | C32: 0.9105 | D32: 0.90313 | E32: 0.89564 | F32: 0.88806 | G32: =IFERROR((($A32*MW_2pe)+((1-$A32)*MW_hexoh))/B32-(($A32*MW_2pe/B$37)+((1-$A32)*MW_hexoh/B$25)),"") -> -0.043256796 | H32: =IFERROR((($A32*MW_2pe)+((1-$A32)*MW_hexoh))/C32-(($A32*MW_2pe/C$37)+((1-$A32)*MW_hexoh/C$25)),"") -> -0.053072847 | I32: =IFERROR((($A32*MW_2pe)+((1-$A32)*MW_hexoh))/D32-(($A32*MW_2pe/D$37)+((1-$A32)*MW_hexoh/D$25)),"") -> -0.060155275 | J32: =IFERROR((($A32*MW_2pe)+((1-$A32)*MW_hexoh))/E32-(($A32*MW_2pe/E$37)+((1-$A32)*MW_hexoh/E$25)),"") -> -0.066977571 | K32: =IFERROR((($A32*MW_2pe)+((1-$A32)*MW_hexoh))/F32-(($A32*MW_2pe/F$37)+((1-$A32)*MW_hexoh/F$25)),"") -> -0.081100637 | L32: =IFERROR((($A32*MW_2pe)+((1-$A32)*MW_hexoh))/G32-(($A32*MW_2pe/G$37)+((1-$A32)*MW_hexoh/G$25)),"")
A33: =G16 -> 0.59962244 | B33: 0.93772 | C33: 0.93044 | D33: 0.92306 | E33: 0.91556 | F33: 0.90792 | G33: =IFERROR((($A33*MW_2pe)+((1-$A33)*MW_hexoh))/B33-(($A33*MW_2pe/B$37)+((1-$A33)*MW_hexoh/B$25)),"") -> -0.043200784 | H33: =IFERROR((($A33*MW_2pe)+((1-$A33)*MW_hexoh))/C33-(($A33*MW_2pe/C$37)+((1-$A33)*MW_hexoh/C$25)),"") -> -0.052710448 | I33: =IFERROR((($A33*MW_2pe)+((1-$A33)*MW_hexoh))/D33-(($A33*MW_2pe/D$37)+((1-$A33)*MW_hexoh/D$25)),"") -> -0.062087688 | J33: =IFERROR((($A33*MW_2pe)+((1-$A33)*MW_hexoh))/E33-(($A33*MW_2pe/E$37)+((1-$A33)*MW_hexoh/E$25)),"") -> -0.070455009 | K33: =IFERROR((($A33*MW_2pe)+((1-$A33)*MW_hexoh))/F33-(($A33*MW_2pe/F$37)+((1-$A33)*MW_hexoh/F$25)),"") -> -0.077649763 | L33: =IFERROR((($A33*MW_2pe)+((1-$A33)*MW_hexoh))/G33-(($A33*MW_2pe/G$37)+((1-$A33)*MW_hexoh/G$25)),"")
A34: =G17 -> 0.69990187 | B34: 0.95813 | C34: 0.95076 | D34: 0.94335 | E34: 0.93583 | F34: 0.92821 | G34: =IFERROR((($A34*MW_2pe)+((1-$A34)*MW_hexoh))/B34-(($A34*MW_2pe/B$37)+((1-$A34)*MW_hexoh/B$25)),"") -> -0.043551285 | H34: =IFERROR((($A34*MW_2pe)+((1-$A34)*MW_hexoh))/C34-(($A34*MW_2pe/C$37)+((1-$A34)*MW_hexoh/C$25)),"") -> -0.04440417 | I34: =IFERROR((($A34*MW_2pe)+((1-$A34)*MW_hexoh))/D34-(($A34*MW_2pe/D$37)+((1-$A34)*MW_hexoh/D$25)),"") -> -0.052518697 | J34: =IFERROR((($A34*MW_2pe)+((1-$A34)*MW_hexoh))/E34-(($A34*MW_2pe/E$37)+((1-$A34)*MW_hexoh/E$25)),"") -> -0.060042863 | K34: =IFERROR((($A34*MW_2pe)+((1-$A34)*MW_hexoh))/F34-(($A34*MW_2pe/F$37)+((1-$A34)*MW_hexoh/F$25)),"") -> -0.070292133 | L34: =IFERROR((($A34*MW_2pe)+((1-$A34)*MW_hexoh))/G34-(($A34*MW_2pe/G$37)+((1-$A34)*MW_hexoh/G$25)),"")
A35: =G18 -> 0.80045586 | B35: 0.9786 | C35: 0.97124 | D35: 0.96379 | E35: 0.95624 | F35: 0.94861 | G35: =IFERROR((($A35*MW_2pe)+((1-$A35)*MW_hexoh))/B35-(($A35*MW_2pe/B$37)+((1-$A35)*MW_hexoh/B$25)),"") -> -0.023423822 | H35: =IFERROR((($A35*MW_2pe)+((1-$A35)*MW_hexoh))/C35-(($A35*MW_2pe/C$37)+((1-$A35)*MW_hexoh/C$25)),"") -> -0.027561186 | I35: =IFERROR((($A35*MW_2pe)+((1-$A35)*MW_hexoh))/D35-(($A35*MW_2pe/D$37)+((1-$A35)*MW_hexoh/D$25)),"") -> -0.032318192 | J35: =IFERROR((($A35*MW_2pe)+((1-$A35)*MW_hexoh))/E35-(($A35*MW_2pe/E$37)+((1-$A35)*MW_hexoh/E$25)),"") -> -0.036741274 | K35: =IFERROR((($A35*MW_2pe)+((1-$A35)*MW_hexoh))/F35-(($A35*MW_2pe/F$37)+((1-$A35)*MW_hexoh/F$25)),"") -> -0.044770606 | L35: =IFERROR((($A35*MW_2pe)+((1-$A35)*MW_hexoh))/G35-(($A35*MW_2pe/G$37)+((1-$A35)*MW_hexoh/G$25)),"")
A36: =G19 -> 0.89904023 | B36: 0.9989 | C36: 0.99151 | D36: 0.98404 | E36: 0.97647 | F36: 0.96881 | G36: =IFERROR((($A36*MW_2pe)+((1-$A36)*MW_hexoh))/B36-(($A36*MW_2pe/B$37)+((1-$A36)*MW_hexoh/B$25)),"") -> -0.012325058 | H36: =IFERROR((($A36*MW_2pe)+((1-$A36)*MW_hexoh))/C36-(($A36*MW_2pe/C$37)+((1-$A36)*MW_hexoh/C$25)),"") -> -0.014089194 | I36: =IFERROR((($A36*MW_2pe)+((1-$A36)*MW_hexoh))/D36-(($A36*MW_2pe/D$37)+((1-$A36)*MW_hexoh/D$25)),"") -> -0.01740655 | J36: =IFERROR((($A36*MW_2pe)+((1-$A36)*MW_hexoh))/E36-(($A36*MW_2pe/E$37)+((1-$A36)*MW_hexoh/E$25)),"") -> -0.019379835 | K36: =IFERROR((($A36*MW_2pe)+((1-$A36)*MW_hexoh))/F36-(($A36*MW_2pe/F$37)+((1-$A36)*MW_hexoh/F$25)),"") -> -0.021899416 | L36: =IFERROR((($A36*MW_2pe)+((1-$A36)*MW_hexoh))/G36-(($A36*MW_2pe/G$37)+((1-$A36)*MW_hexoh/G$25)),"")
A37: =G20 -> 1 | B37: =densidad_viscosidad_puros!G75 -> 1.01985 | C37: =densidad_viscosidad_puros!G76 -> 1.01244 | D37: =densidad_viscosidad_puros!G77 -> 1.00494 | E37: =densidad_viscosidad_puros!G78 -> 0.99736 | F37: =densidad_viscosidad_puros!G79 -> 0.9897 | G37: =IFERROR((($A37*MW_2pe)+((1-$A37)*MW_hexoh))/B37-(($A37*MW_2pe/B$37)+((1-$A37)*MW_hexoh/B$25)),"") -> 0 | H37: =IFERROR((($A37*MW_2pe)+((1-$A37)*MW_hexoh))/C37-(($A37*MW_2pe/C$37)+((1-$A37)*MW_hexoh/C$25)),"") -> 0 | I37: =IFERROR((($A37*MW_2pe)+((1-$A37)*MW_hexoh))/D37-(($A37*MW_2pe/D$37)+((1-$A37)*MW_hexoh/D$25)),"") -> 0 | J37: =IFERROR((($A37*MW_2pe)+((1-$A37)*MW_hexoh))/E37-(($A37*MW_2pe/E$37)+((1-$A37)*MW_hexoh/E$25)),"") -> 0 | K37: =IFERROR((($A37*MW_2pe)+((1-$A37)*MW_hexoh))/F37-(($A37*MW_2pe/F$37)+((1-$A37)*MW_hexoh/F$25)),"") -> 0 | L37: =IFERROR((($A37*MW_2pe)+((1-$A37)*MW_hexoh))/G37-(($A37*MW_2pe/G$37)+((1-$A37)*MW_hexoh/G$25)),"")
B39: Viscosidad
A40: x1 | B40: 20 | C40: 30 | D40: 40 | E40: 50 | F40: 60
A41: =G8 -> 0 | B41: =densidad_viscosidad_puros!I25 -> 5.278 | C41: =densidad_viscosidad_puros!I26 -> 3.881 | D41: =densidad_viscosidad_puros!I27 -> 2.919 | E41: =densidad_viscosidad_puros!I28 -> 2.24 | F41: =densidad_viscosidad_puros!I29 -> 1.75
A42: =G9 -> 0.10031129 | B42: 5.58 | C42: 4.074 | D42: 3.049 | E42: 2.332 | F42: 1.819
A43: =G10 -> 0.20045894 | B43: 5.966 | C43: 4.31 | D43: 3.205 | E43: 2.442 | F43: 1.9
A44: =G11 -> 0.2007829 | B44: 5.9694 | C44: 4.3146 | D44: 3.2054 | E44: 2.4414 | F44: 1.8995
A45: =G12 -> 0.30035937 | B45: 6.422 | C45: 4.594 | D45: 3.391 | E45: 2.572 | F45: 1.997
A46: =G13 -> 0.30040375 | B46: 6.419 | C46: 4.589 | D46: 3.386 | E46: 2.566 | F46: 1.99
A47: =G14 -> 0.40044843 | B47: 6.992 | C47: 4.945 | D47: 3.621 | E47: 2.73 | F47: 2.111
A48: =G15 -> 0.50068428 | B48: 7.621 | C48: 5.323 | D48: 3.864 | E48: 2.894 | F48: 2.228
A49: =G16 -> 0.59962244 | B49: 8.415 | C49: 5.795 | D49: 4.161 | E49: 3.096 | F49: 2.372
A50: =G17 -> 0.69990187 | B50: 9.384 | C50: 6.363 | D50: 4.52 | E50: 3.336 | F50: 2.542
A51: =G18 -> 0.80045586 | B51: 10.57 | C51: 7.049 | D51: 4.947 | E51: 3.618 | F51: 2.735
A52: =G19 -> 0.89904023 | B52: 12.09 | C52: 7.875 | D52: 5.449 | E52: 3.944 | F52: 2.964
A53: =G20 -> 1 | B53: =densidad_viscosidad_puros!I75 -> 14.04 | C53: =densidad_viscosidad_puros!I76 -> 8.973 | D53: =densidad_viscosidad_puros!I77 -> 6.102 | E53: =densidad_viscosidad_puros!I78 -> 4.368 | F53: =densidad_viscosidad_puros!I79 -> 3.252
A56: Lovis / DMA
A57: Unique Sample Id | B57: Date | C57: Time | D57: Sample Name | F57: Master Condition | G57: Density | H57: Density Temperature | I57: Lovis Dyn. Viscosity | J57: Lovis Kin. Viscosity | K57: Lovis Temperature | L57: Lovis Variation Coefficient | M57: Lovis Fw/Bw Deviation | N57: Lovis Current Capillary
D58: - | F58: - | G58: g/cm³ | H58: °C | I58: mPa·s | J58: mm²/s | K58: °C | L58: % | M58: % | N58: -
A59: 12924 | B59: 45985 | C59: 0.60792824 | D59: 2-phenylethanol+1-hexanol_1 | F59: FW/BW dev. too high | G59: --- | H59: --- | I59: --- | J59: --- | K59: --- | L59: --- | M59: --- | N59: Chico (35990024)
A60: 12925 | B60: 45985 | C60: 0.57568287 | D60: 2-phenylethanol+1-hexanol_1 | F60: valid | G60: 0.83846 | H60: 20.08 | I60: 5.58 | J60: 6.655 | K60: 20 | L60: 0.07 | M60: 0.16 | N60: Chico (35990024)
A61: 12926 | B61: 45985 | C61: 0.58172454 | D61: 2-phenylethanol+1-hexanol_1 | F61: valid | G61: 0.83129 | H61: 29.97 | I61: 4.074 | J61: 4.901 | K61: 30 | L61: 0.07 | M61: 0.57 | N61: Chico (35990024)
A62: 12927 | B62: 45985 | C62: 0.58755787 | D62: 2-phenylethanol+1-hexanol_1 | F62: valid | G62: 0.82404 | H62: 39.97 | I62: 3.049 | J62: 3.7 | K62: 40 | L62: 0.02 | M62: 0.85 | N62: Chico (35990024)
A63: 12928 | B63: 45985 | C63: 0.59737269 | D63: 2-phenylethanol+1-hexanol_1 | F63: valid | G63: 0.81668 | H63: 49.98 | I63: 2.332 | J63: 2.856 | K63: 50 | L63: 0.08 | M63: 0.74 | N63: Chico (35990024)
A64: 12929 | B64: 45985 | C64: 0.60788194 | D64: 2-phenylethanol+1-hexanol_1 | F64: FW/BW dev. too high | G64: 0.80917 | H64: 59.98 | I64: 1.847 | J64: 2.282 | K64: 60 | L64: 0.12 | M64: 3.58 | N64: Chico (35990024)
A65: 12930 | B65: 45985 | C65: 0.6259838 | D65: 2-phenylethanol+1-hexanol_1 | F65: valid | G65: 0.80918 | H65: 59.98 | I65: 1.819 | J65: 2.248 | K65: 60 | L65: 0.03 | M65: 0.54 | N65: Chico (35990024)
A66: 12931 | B66: 45985 | C66: 0.66584491 | D66: 2-phenylethanol+1-hexanol_1 | F66: valid | G66: 0.85824 | H66: 20.03 | I66: 5.977 | J66: 6.964 | K66: 20 | L66: 0.03 | M66: 0.25 | N66: Chico (35990024)
A67: 12932 | B67: 45985 | C67: 0.68646991 | D67: 2-phenylethanol+1-hexanol_1 | F67: valid | G67: 0.85827 | H67: 20 | I67: 5.971 | J67: 6.956 | K67: 20 | L67: 0.04 | M67: 0.42 | N67: Chico (35990024)
A68: 12933 | B68: 45985 | C68: 0.73863426 | D68: 2-phenylethanol+1-hexanol_2 | F68: valid | G68: --- | H68: --- | I68: --- | J68: --- | K68: --- | L68: --- | M68: --- | N68: Chico (35990024)
A69: 12934 | B69: 45985 | C69: 0.70788194 | D69: 2-phenylethanol+1-hexanol_2 | F69: valid | G69: 0.85828 | H69: 19.98 | I69: 5.966 | J69: 6.951 | K69: 20 | L69: 0.01 | M69: 0.47 | N69: Chico (35990024)
A70: 12935 | B70: 45985 | C70: 0.71407407 | D70: 2-phenylethanol+1-hexanol_2 | F70: valid | G70: 0.85113 | H70: 29.97 | I70: 4.31 | J70: 5.064 | K70: 30 | L70: 0 | M70: 0.67 | N70: Chico (35990024)
A71: 12936 | B71: 45985 | C71: 0.71954861 | D71: 2-phenylethanol+1-hexanol_2 | F71: valid | G71: 0.84386 | H71: 39.97 | I71: 3.205 | J71: 3.798 | K71: 40 | L71: 0.04 | M71: 0.68 | N71: Chico (35990024)
A72: 12937 | B72: 45985 | C72: 0.72787037 | D72: 2-phenylethanol+1-hexanol_2 | F72: valid | G72: 0.83647 | H72: 49.97 | I72: 2.442 | J72: 2.919 | K72: 50 | L72: 0.07 | M72: 0.83 | N72: Chico (35990024)
A73: 12938 | B73: 45985 | C73: 0.73857639 | D73: 2-phenylethanol+1-hexanol_2 | F73: valid | G73: 0.82892 | H73: 59.98 | I73: 1.9 | J73: 2.293 | K73: 60 | L73: 0.02 | M73: 0.97 | N73: Chico (35990024)
A74: 12939 | B74: 45985 | C74: 0.80986111 | D74: 2-phenylethanol+1-hexanol_3 | F74: valid | G74: --- | H74: --- | I74: --- | J74: --- | K74: --- | L74: --- | M74: --- | N74: Chico (35990024)
A75: 12940 | B75: 45985 | C75: 0.78122685 | D75: 2-phenylethanol+1-hexanol_3 | F75: valid | G75: 0.8777 | H75: 20.08 | I75: 6.422 | J75: 7.317 | K75: 20 | L75: 0.02 | M75: 0.37 | N75: Chico (35990024)
A76: 12941 | B76: 45985 | C76: 0.78760417 | D76: 2-phenylethanol+1-hexanol_3 | F76: valid | G76: 0.87064 | H76: 29.98 | I76: 4.594 | J76: 5.277 | K76: 30 | L76: 0.05 | M76: 0.64 | N76: Chico (35990024)
A77: 12942 | B77: 45985 | C77: 0.79313657 | D77: 2-phenylethanol+1-hexanol_3 | F77: valid | G77: 0.86334 | H77: 39.97 | I77: 3.391 | J77: 3.928 | K77: 40 | L77: 0.01 | M77: 0.66 | N77: Chico (35990024)
A78: 12943 | B78: 45985 | C78: 0.79949074 | D78: 2-phenylethanol+1-hexanol_3 | F78: valid | G78: 0.85593 | H78: 49.97 | I78: 2.572 | J78: 3.005 | K78: 50 | L78: 0.06 | M78: 0.78 | N78: Chico (35990024)
A79: 12944 | B79: 45985 | C79: 0.80978009 | D79: 2-phenylethanol+1-hexanol_3 | F79: valid | G79: 0.84835 | H79: 59.98 | I79: 1.997 | J79: 2.354 | K79: 60 | L79: 0.01 | M79: 0.94 | N79: Chico (35990024)
A80: 12945 | B80: 45986 | C80: 0.80800926 | D80: 2-phenylethanol+1-hexanol_4 | F80: FW/BW dev. too high | G80: --- | H80: --- | I80: --- | J80: --- | K80: --- | L80: --- | M80: --- | N80: Chico (35990024)
A81: 12946 | B81: 45986 | C81: 0.76930556 | D81: 2-phenylethanol+1-hexanol_4 | F81: valid | G81: 0.89773 | H81: 20.03 | I81: 6.992 | J81: 7.789 | K81: 20 | L81: 0.04 | M81: 0.46 | N81: Chico (35990024)
A82: 12947 | B82: 45986 | C82: 0.77824074 | D82: 2-phenylethanol+1-hexanol_4 | F82: valid | G82: 0.89055 | H82: 29.97 | I82: 4.945 | J82: 5.553 | K82: 30 | L82: 0.08 | M82: 0.82 | N82: Chico (35990024)
A83: 12948 | B83: 45986 | C83: 0.78680556 | D83: 2-phenylethanol+1-hexanol_4 | F83: valid | G83: 0.8832 | H83: 39.97 | I83: 3.621 | J83: 4.1 | K83: 40 | L83: 0.08 | M83: 0.87 | N83: Chico (35990024)
A84: 12949 | B84: 45986 | C84: 0.79701389 | D84: 2-phenylethanol+1-hexanol_4 | F84: valid | G84: 0.87576 | H84: 49.98 | I84: 2.73 | J84: 3.118 | K84: 50 | L84: 0.05 | M84: 0.91 | N84: Chico (35990024)
A85: 12950 | B85: 45986 | C85: 0.80792824 | D85: 2-phenylethanol+1-hexanol_4 | F85: FW/BW dev. too high | G85: 0.8682 | H85: 59.98 | I85: 2.141 | J85: 2.466 | K85: 60 | L85: 0.13 | M85: 3.55 | N85: Chico (35990024)
A86: 12951 | B86: 45986 | C86: 0.81259259 | D86: 2-phenylethanol+1-hexanol_4 | F86: valid | G86: 0.86818 | H86: 59.99 | I86: 2.111 | J86: 2.431 | K86: 60 | L86: 0.06 | M86: 0.91 | N86: Chico (35990024)
A87: 12953 | B87: 45987 | C87: 0.59953704 | D87: Agua Diego | F87: valid | G87: 0.99714 | H87: 24.98 | I87: 0.912 | J87: 0.914 | K87: 25 | L87: 0 | M87: 0.86 | N87: Chico (35990024)
A88: 12954 | B88: 45987 | C88: 0.60565972 | D88: Agua Diego | F88: valid | G88: 0.99576 | H88: 29.97 | I88: 0.819 | J88: 0.822 | K88: 30 | L88: 0.11 | M88: 1.19 | N88: Chico (35990024)
A89: 12955 | B89: 45987 | C89: 0.61105324 | D89: Agua Diego | F89: valid | G89: 0.99413 | H89: 34.97 | I89: 0.74 | J89: 0.745 | K89: 35 | L89: 0.08 | M89: 1.4 | N89: Chico (35990024)
A90: 12956 | B90: 45987 | C90: 0.61706019 | D90: Agua Diego | F90: valid | G90: 0.99236 | H90: 39.97 | I90: 0.676 | J90: 0.681 | K90: 40 | L90: 0.19 | M90: 1.48 | N90: Chico (35990024)
A91: 12957 | B91: 45987 | C91: 0.625 | D91: Agua Diego | F91: filling warning | G91: 0.98967 | H91: 44.97 | I91: 0.62 | J91: 0.626 | K91: 45 | L91: 0.08 | M91: 1.39 | N91: Chico (35990024)
A92: 12958 | B92: 45987 | C92: 0.63268519 | D92: Agua Diego | F92: canceled | G92: --- | H92: --- | I92: --- | J92: --- | K92: --- | L92: --- | M92: --- | N92: Chico (35990024)
A93: 12959 | B93: 45987 | C93: 0.64079861 | D93: Agua Diego 50° | F93: filling warning | G93: 0.98828 | H93: 49.97 | I93: 0.625 | J93: 0.633 | K93: 50 | L93: 0.06 | M93: 5.05 | N93: Chico (35990024)
A94: 12961 | B94: 45987 | C94: 0.65270833 | D94: Agua Diego 45 y 50° | F94: filling warning | G94: 0.9898 | H94: 45.02 | I94: 0.622 | J94: 0.629 | K94: 45 | L94: 3.73 | M94: 6.98 | N94: Chico (35990024)
